Price,Close,High,Low,Open,Volume
Ticker,GOOGL,GOOGL,GOOGL,GOOGL,GOOGL
Date,,,,,
2021-05-06,115.90950775146484,115.90950775146484,113.71216888819075,114.371219210084,25190000
2021-05-07,116.63253021240234,117.59061507127338,116.34639717350244,117.22563540770174,28898000
2021-05-10,113.648193359375,115.59460767080654,113.290644369783,115.45277455769148,30914000
2021-05-11,112.57258605957031,113.07939883944981,110.78039927471382,111.23415327092532,34186000
2021-05-12,109.11070251464844,111.47764498191353,108.78192267103177,110.39707540750636,46376000
2021-05-13,110.53840637207031,111.05414048585153,109.43154957142508,110.39359947423983,33204000
2021-05-14,112.98516845703125,113.2995712389846,111.5778017225358,112.00130340485505,31996000
2021-05-17,113.50786590576172,113.55051270106033,111.85105758223382,112.2507540019044,21598000
2021-05-18,112.19619750976562,114.43817329757108,112.18231233154226,114.17385549892235,22204000
2021-05-19,112.64398956298828,112.8170586512996,110.35987410043673,110.50814660767092,23684000
2021-05-20,114.40196990966797,114.65239495545593,113.24007185238473,113.61100662106799,32352000
2021-05-21,113.76622009277344,114.99407844296304,113.52669887961433,114.92067995406296,40632000
2021-05-24,117.08430480957031,117.30795076933327,114.65041840397706,114.79571714938808,31832000
2021-05-25,117.175048828125,118.22288412982375,116.78477317689254,117.62780399643341,22440000
2021-05-26,118.03990173339844,118.47034224534134,117.35307349417839,117.35604726795344,21572000
2021-05-27,117.16563415527344,118.47332287279623,116.84726630527486,118.47332287279623,35224000
2021-05-28,116.87651062011719,117.82963157956378,116.67815310319966,117.7478111847202,21482000
2021-06-01,118.08304595947266,118.3076907432192,116.74907000230994,117.74881041841671,23354000
2021-06-02,117.55789184570312,118.70094093106418,116.65385700275765,118.478278661861,21158000
2021-06-03,116.41681671142578,116.88494774617168,115.52121891925472,116.3250761646754,18696000
2021-06-04,118.69745635986328,118.96822109902912,117.15222909034824,117.49241971560096,24458000
2021-06-07,119.13037872314453,119.23997703743203,118.07411399726047,118.49265182934205,24120000
2021-06-08,118.93897247314453,119.98433347180782,118.75747389251524,119.61191557625074,24240000
2021-06-09,119.41007995605469,119.65504930518125,118.86260289582098,119.58314905326921,17942000
2021-06-10,120.75843811035156,120.80158431684347,119.20378994220064,119.35950068179913,25904000
2021-06-11,120.51396179199219,121.08523664008776,119.95656455587336,120.999943051101,21958000
2021-06-14,121.44178771972656,121.44227956527116,119.90895486343989,120.61610768688743,22098000
2021-06-15,120.42420196533203,121.76908177598153,120.06367916664863,121.44624948123858,21562000
2021-06-16,119.7824935913086,120.88686840654948,118.49067266185558,120.5754393849675,26472000
2021-06-17,120.74554443359375,121.51815815207105,119.51223788888802,119.70812106140869,25842000
2021-06-18,119.12642669677734,120.60619327255783,119.03121296167414,120.37212775019057,46116000
2021-06-21,120.81397247314453,120.99993548875224,118.91566055698493,119.51273077628596,27414000
2021-06-22,121.32772064208984,121.39665468442757,120.07160770069062,120.75198140176597,22390000
2021-06-23,121.12588500976562,122.08644415141389,120.83578696282714,121.09265895404788,19148000
2021-06-24,121.49583435058594,122.04677701360374,121.29747683144915,121.69419186972272,21362000
2021-06-25,121.5042724609375,121.62775596535607,120.5685097881372,120.99994158468905,34594000
2021-06-28,121.53155517578125,121.77851462630447,120.41032128479314,121.67288132884134,28526000
2021-06-29,121.27020263671875,122.0125716067318,120.69347211365788,121.66494274006068,23108000
2021-06-30,121.08870697021484,121.25483726670456,120.35973131531956,120.99448449461066,24474000
2021-07-01,121.4407958984375,121.58212203987887,120.53527798763021,120.72718855138434,18110000
2021-07-02,124.2307357788086,124.37603452212761,122.05075521661516,122.14051324667714,25982000
2021-07-06,125.15558624267578,125.39163425827388,123.56125763749851,124.61852120164065,26404000
2021-07-07,125.43726348876953,126.240621316996,125.1188956447412,126.11962731057842,24060000
2021-07-08,124.01898193359375,124.56595957690325,123.005363941043,123.0093289727932,23790000
2021-07-09,124.48958587646484,124.70381107829633,123.53050984041758,124.00013149635579,18632000
2021-07-12,125.93464660644531,126.02787781640319,124.58132987577834,125.14368334235166,17668000
2021-07-13,126.29764556884766,127.00777214039663,125.63611333534345,125.99712795199184,19240000
2021-07-14,127.1858139038086,128.2663910341705,126.865955385297,126.90910159126689,23742000
2021-07-15,125.96392059326172,127.64502615274154,125.49281574408225,127.59444929137345,24218000
2021-07-16,125.92919921875,126.7638005858177,125.11939443436253,126.61651932695658,20424000
2021-07-19,123.55680084228516,125.17046276091699,122.49259090531656,125.05590815567551,27968000
2021-07-20,125.1749267578125,126.00159043894895,123.33116437738677,124.49851053248894,26312000
2021-07-21,126.50345611572266,126.55006794062126,124.99045595333612,125.09955486427575,20746000
2021-07-22,127.3687973022461,127.42980128632463,126.45386617760096,126.7960393554764,14302000
2021-07-23,131.92465209960938,132.30550704776215,128.73650906326645,129.36133455179797,41506000
2021-07-26,132.93629455566406,133.13663460885186,131.2169991619108,132.2355886482273,30572000
2021-07-27,130.8187713623047,133.29729444563313,129.0375036233096,133.1500131960715,54710000
2021-07-28,134.9783935546875,137.16333785236336,134.1685888131194,135.19460884795575,95130000
2021-07-29,134.6644744873047,135.5407312408076,134.43189968224377,135.0339185360519,31716000
2021-07-30,133.62210083007812,134.19536566595704,133.1544692717714,133.92807412606015,25576000
2021-08-02,133.7490692138672,134.22711280471987,132.6972613245468,134.00941440487134,21634000
2021-08-03,134.51820373535156,134.61935743991575,132.2266425296642,134.02725111270541,20762000
2021-08-04,134.01785278320312,134.53755950866824,133.38458270000555,134.24001564188015,19676000
2021-08-05,135.13461303710938,135.23231626590845,133.74063191754414,134.56829449236173,17870000
2021-08-06,134.6258087158203,135.35380063089553,134.10165272092112,134.9268333121691,20488000
2021-08-09,135.7906951904297,136.0594850166339,134.23009186471586,134.82816095664558,17760000
2021-08-10,135.68557739257812,136.64316290986423,135.2466997947702,136.21618040832792,19414000
2021-08-11,135.1619110107422,136.55389460315365,135.15446522499255,136.05700947405194,15352000
2021-08-12,136.0693817138672,136.1745155860973,134.31538491071916,134.86086429616063,16506000
2021-08-13,136.5985107421875,136.72646625528014,135.90971509193332,136.12493157350525,15948000
2021-08-16,137.17575073242188,137.22832524277518,134.1899301812805,136.39768127335614,22384000
2021-08-17,135.54127502441406,137.1321307968945,134.96652692198577,136.6208534812792,21716000
2021-08-18,134.3386993408203,135.98063113741676,134.21224206544025,135.38107897385382,19258000
2021-08-19,134.56781005859375,135.23479811345257,133.1495391773479,133.33351970472108,21782000
2021-08-20,136.30296325683594,136.42643919078785,134.1413247592316,134.8851768373789,31194000
2021-08-23,138.89356994628906,139.7197343782352,136.47951599303877,136.8385481592107,28454000
2021-08-24,140.10354614257812,140.9153334065435,139.1881081082897,139.45886528917006,19268000
2021-08-25,140.9143524169922,141.02395074867366,140.21712723901703,140.46407912749783,15848000
2021-08-26,140.28109741210938,141.2500786299819,140.19827061437374,140.58805446280763,20610000
2021-08-27,142.82354736328125,143.3278781659032,140.33709435382934,140.49132196701825,28780000
2021-08-30,143.40525817871094,144.77395084299167,142.98125704674328,143.2163138187646,24434000
2021-08-31,143.51138305664062,143.98149662462504,143.09830844171228,143.9572070200469,22448000
2021-09-01,144.02511596679688,145.0551009489579,143.69583676431287,143.8113826192152,21936000
2021-09-02,142.11244201660156,144.32663982177834,142.01127317307444,144.02563035315396,32342000
2021-09-03,142.56121826171875,142.97330911300233,141.23319004017313,141.90762370846002,19850000
2021-09-07,143.09780883789062,143.37997686078998,142.44173224208836,142.65546562838,20124000
2021-09-08,142.51312255859375,143.216310341674,141.8277925519912,142.91878162510545,18344000
2021-09-09,142.36436462402344,143.12755759724692,142.0038493948319,142.66140907531098,15314000
2021-09-10,139.72122192382812,143.5322230716602,139.5843526495749,143.03035897692502,36840000
2021-09-13,141.16575622558594,141.77818710345173,140.09212560958235,140.78588503191912,22094000
2021-09-14,141.3760223388672,142.18782475783476,140.5880403778888,141.82332937621524,19674000
2021-09-15,143.24557495117188,143.2663989340108,140.18883824930154,141.60116132377672,27408000
2021-09-16,142.43280029296875,143.1171466443425,141.23421048693598,142.77050902430236,26190000
2021-09-17,139.64584350585938,142.27411498980177,139.31854675119118,141.858059023679,53384000
2021-09-20,137.58236694335938,137.86056989011584,135.2045285382964,137.028942390243,46518000
2021-09-21,137.89332580566406,138.86380522550456,137.1445098358899,138.60394429145055,25332000
2021-09-22,139.13357543945312,139.73212885375122,137.41577814102456,138.16211224583924,25056000
2021-09-23,140.0584259033203,140.534986416547,139.25060362210317,139.83179860304818,20952000
2021-09-24,141.0492401123047,141.16380230179908,139.09142223509036,139.38648419130865,22984000
2021-09-27,139.9156036376953,140.77500156753678,138.91933644415815,139.65029458618613,21882000
2021-09-28,134.71658325195312,137.95630206318702,134.25043470064762,137.5184232831249,45772000
2021-09-29,133.25218200683594,136.02675103167505,132.76769140885952,135.85714754159193,30848000
2021-09-30,132.58021545410156,134.43141608042833,132.46120397036233,133.1609261171282,37996000
2021-10-01,135.4237060546875,135.78820139147504,132.9739523429522,133.34537891761596,35360000
2021-10-04,132.56385803222656,134.845991044881,129.97575169598792,134.845991044881,51202000
2021-10-05,134.90798950195312,136.09964809191845,132.94224164734214,132.94224164734214,32404000
2021-10-06,136.4373321533203,136.62081321973588,133.44704780870487,133.64540530932422,24364000
2021-10-07,138.08372497558594,138.89402904291944,137.5144251902741,137.75344695669483,25110000
2021-10-08,138.63966369628906,139.180678709359,138.0763113266695,138.43286154368056,26526000
2021-10-11,137.7753143310547,139.5585801241094,137.72075730011318,138.15022177280616,17954000
2021-10-12,135.33050537109375,138.3634370023765,134.64714270868552,138.33665033617203,36332000
2021-10-13,136.4542236328125,136.86879650740957,135.39993366753524,136.27619065855683,19654000
2021-10-14,139.9939422607422,140.17890644011712,137.68700521186503,138.33068721492134,31894000
2021-10-15,140.20916748046875,140.55630449662968,139.60120099035484,140.4536525487432,30274000
2021-10-18,141.6075897216797,141.62544749531995,139.91309887510886,139.9200452463808,20396000
2021-10-19,142.06288146972656,142.48490017104737,141.43110951586658,142.21214527418496,20164000
2021-10-20,140.6068878173828,142.36932937667234,140.21760340386373,142.16302664662172,23288000
2021-10-21,140.72291564941406,140.99070660858933,139.34827557059145,140.6068703781535,26292000
2021-10-22,136.43882751464844,139.4305952313603,134.94071143427604,138.00934325689758,50588000
2021-10-25,136.32034301757812,136.8688038613959,134.31391552734996,136.42249557119888,34412000
2021-10-26,138.1665496826172,138.9346913152146,137.17078194335667,138.1219203768164,49236000
2021-10-27,145.0189208984375,147.4314763034353,138.26226450047915,138.26226450047915,85782000
2021-10-28,144.6534423828125,145.9517179093353,143.44145926717053,145.92841199689116,36206000
2021-10-29,146.8324432373047,147.026835739547,143.46378537419665,143.88877021249704,43320000
2021-11-01,142.32069396972656,146.83241520559218,142.05141992285428,146.83241520559218,46924000
2021-11-02,144.2403564453125,145.4072108702752,143.15234864828975,143.3943518013393,33482000
2021-11-03,145.3963165283203,145.4667336808486,143.405764521186,144.70452437779974,27494000
2021-11-04,147.0521240234375,148.5061103237096,145.10868328164617,145.918488091667,38412000
2021-11-05,147.6318359375,149.0952354055238,146.9822063116092,147.94672303683166,38354000
2021-11-08,147.80934143066406,149.38035641071258,147.21375439543775,148.59682386943936,23052000
2021-11-09,147.6977996826172,148.60629148213926,146.03800993877508,148.00972059814333,19530000
2021-11-10,144.69757080078125,146.85624308458767,143.35269859682205,146.29090824279103,29970000
2021-11-11,144.5716094970703,146.32612090055292,144.40696987833476,145.28869002419106,16518000
2021-11-12,147.45924377441406,147.62984607624279,144.21902587009922,145.41365059304397,22360000
2021-11-15,147.235107421875,148.32361464376697,146.36529744247616,147.6799325584469,23508000
2021-11-16,146.663818359375,147.54304137580007,146.10493053390076,146.93507493624477,18904000
2021-11-17,146.83340454101562,147.34170037420662,146.033028153426,146.8140636628539,19594000
2021-11-18,148.6102294921875,149.3461514524102,146.67225222682112,147.026320462845,35608000
2021-11-19,147.70570373535156,149.72898972518277,147.67843279309778,148.74610077592874,33682000
2021-11-22,145.10272216796875,148.6013025990791,144.94949337082977,148.10838258410493,30594000
2021-11-23,144.5869903564453,145.45779912839131,142.93366287312807,144.95495136652673,27218000
2021-11-24,144.92221069335938,145.0506504792178,143.18953724894834,144.2810105888424,18040000
2021-11-26,141.01748657226562,143.3725186493825,140.67977786294543,143.16523224151518,30470000
2021-11-29,144.33755493164062,145.0982659592094,142.7139652055701,142.81959849591408,32596000
2021-11-30,140.73435974121094,144.80322451084183,140.4407808745621,143.81985108046018,42068000
2021-12-01,139.89527893066406,144.75412317905503,139.7569265486594,142.81961122468087,34020000
2021-12-02,141.79405212402344,142.68518529611637,139.06509677127372,140.0921154938086,29194000
2021-12-03,140.83750915527344,143.21634719880555,139.15094766887884,142.5032466528909,41230000
2021-12-06,141.9815216064453,142.67329857712156,139.00114949695094,141.86795825434288,30618000
2021-12-07,146.06228637695312,146.32164786424076,144.03701790710437,144.40299636708085,32240000
2021-12-08,146.97177124023438,147.17659085728474,145.20587927665102,146.38661124962783,24270000
2021-12-09,146.4282684326172,147.87779015183264,145.90906116663706,146.38115719853195,23270000
2021-12-10,146.78829956054688,147.75629704872722,145.5014348041652,147.4810753999608,24458000
2021-12-13,144.63113403320312,146.75705697342113,144.32466128723686,146.5700951293805,27070000
2021-12-14,142.7273712158203,143.29567231486587,140.05743659724035,142.78787579064948,38446000
2021-12-15,145.24058532714844,145.51828889506476,140.51662819810505,142.2334415962049,36370000
2021-12-16,143.26095581054688,146.46645697869997,142.42981251292935,145.96410864255435,33650000
2021-12-17,140.56324768066406,142.65545262972856,140.1417284945182,141.33188874138816,50416000
2021-12-20,140.4462127685547,140.61235063263806,138.17895606354023,138.85239100741393,27192000
2021-12-21,142.29641723632812,142.68966664568237,139.35076199155114,140.88904290220043,28756000
2021-12-22,145.21478271484375,145.29909260146448,141.89473474558528,141.89473474558528,26322000
2021-12-23,145.71218872070312,147.028306818594,145.25148836497797,145.29909901208103,26384000
2021-12-27,146.69407653808594,147.1279902675561,145.96311835123439,146.04891135250273,15976000
2021-12-28,145.4845733642578,147.08335898865232,144.85726596471994,147.02087190142421,18200000
2021-12-29,145.4528350830078,146.208597395199,144.45360165448406,145.44242309096177,17788000
2021-12-30,145.0020751953125,146.09256498744182,144.7977701008214,145.49152966687038,15688000
2021-12-31,143.6646270751953,145.4959875927401,143.6646270751953,144.85280491667777,18136000
2022-01-03,143.80294799804688,144.6553994298771,142.5349249798288,143.8659193516871,28646000
2022-01-04,143.2158203125,145.28421989053714,142.5384203965496,144.20414226489285,28400000
2022-01-05,136.6456298828125,143.3150106060316,136.55935260045507,143.23616397542605,54618000
2022-01-06,136.61834716796875,138.7928795446468,135.43909829641714,135.8754939287169,37348000
2022-01-07,135.89382934570312,137.31359818480337,134.65357655381717,137.01307300645394,29760000
2022-01-10,137.53280639648438,137.68158591115076,132.0729417434719,133.9707545272893,44408000
2022-01-11,138.59056091308594,139.06663719581033,135.5720211712193,136.87574497844983,28730000
2022-01-12,140.27114868164062,141.4390018146242,139.54118939726052,139.9929457226333,26108000
2022-01-13,137.4509735107422,141.67902912526233,137.27442366179454,140.37975480829834,31436000
2022-01-14,138.337158203125,139.5883225969847,135.8755088296192,135.95533915327124,29662000
2022-01-18,134.88319396972656,136.00740156008052,134.32828625328975,135.05874499682633,34872000
2022-01-19,134.0089569091797,136.82865526500728,133.9087868598706,135.4044214924616,28648000
2022-01-20,132.2147216796875,136.49783311871093,131.87453108390275,135.133105704383,29908000
2022-01-21,129.28298950195312,133.7599798995472,129.02016235439484,131.5066158303364,55652000
2022-01-24,129.7317657470703,130.12749709636913,123.47944046052136,124.94532175448224,76622000
2022-01-25,125.89448547363281,128.33829204225916,125.46355309123715,127.68469738972522,46960000
2022-01-26,128.17364501953125,131.9097642410679,126.09978210305361,130.04418655853962,49130000
2022-01-27,127.947509765625,131.56510157140477,127.87559438564548,130.2276601350221,31950000
2022-01-28,132.25787353515625,132.2633368035548,127.43176448871137,128.59613680815025,34362000
2022-01-31,134.19439697265625,134.3625173657848,131.1257647038749,133.06225920242,39986000
2022-02-01,136.51568603515625,136.66346669345492,133.2670388818161,136.466592286511,68644000
2022-02-02,146.78680419921875,150.30422616828662,144.32961959181026,150.0101630752151,123200000
2022-02-03,141.91705322265625,148.4480810526987,141.49603343553346,144.51112229924576,71518000
2022-02-04,142.118408203125,143.6874410729593,139.36317994593287,142.26867081780298,57998000
2022-02-07,138.05992126464844,143.06752872539496,137.76137862559767,143.06752872539496,54974000
2022-02-08,138.2563018798828,138.85237322389543,135.89085796988192,137.88685780823388,54284000
2022-02-09,140.43130493164062,141.3561711201522,139.03782352988043,139.80796270595044,40144000
2022-02-10,137.48370361328125,140.3247247602678,136.82614390542432,138.55833324032872,39330000
2022-02-11,133.1817626953125,138.01580259283259,132.30648944702975,137.46387619119915,39958000
2022-02-14,134.41506958007812,135.1827270188193,132.16417235989616,132.16417235989616,34302000
2022-02-15,135.48870849609375,136.97641281123626,134.70815708961888,136.4428132990332,26680000
2022-02-16,136.60891723632812,136.95405656109108,133.81797410147496,135.52635776433524,25022000
2022-02-17,131.4525604248047,135.98955606011734,131.3925552622797,135.12619300415574,38950000
2022-02-18,129.33404541015625,132.97099324127743,129.1292409403073,132.37292423632954,45620000
2022-02-22,128.74937438964844,131.09696037872362,127.17239674726402,128.77366398895006,44990000
2022-02-23,126.54212188720703,130.96853484878528,126.4821167334988,130.56933788926054,32786000
2022-02-24,131.60330200195312,131.90977476291786,123.92923223959937,123.92923223959937,54456000
2022-02-25,133.35731506347656,134.16265544616002,130.67150526556998,132.4572527893111,36406000
2022-02-28,133.9499053955078,134.6387009971114,131.5055996259116,131.95935360321266,38864000
2022-03-01,132.96255493164062,135.13857036774974,132.12647806196426,133.77285909543676,26496000
2022-03-02,133.46839904785156,134.15372912259033,131.9806947822643,133.52443917740345,23520000
2022-03-03,132.8018798828125,135.32105186734134,131.9350362852021,134.8950682854782,24604000
2022-03-04,130.82525634765625,132.75432044299723,129.26911720161542,131.83789846812218,30430000
2022-03-07,125.3425521850586,130.65514261832865,125.25973295853518,130.41017325885227,45112000
2022-03-08,126.06259155273438,130.17411000501144,124.64431332771989,125.21509629053482,40428000
2022-03-09,132.32632446289062,132.63924417090806,128.83567386884616,130.1741142565606,37026000
2022-03-10,131.34396362304688,132.17955633727135,129.83940035172492,130.19000303239358,27102000
2022-03-11,128.805908203125,132.69873673623212,128.56886893727994,132.39424653455924,31526000
2022-03-14,124.91854858398438,129.34000556632407,124.2480949884942,129.18231231398767,38812000
2022-03-15,128.13894653320312,128.79007444618782,124.68995111051669,125.93516041311607,30920000
2022-03-16,132.18797302246094,132.240032982956,127.67923236827228,129.66135482928354,35576000
2022-03-17,132.74188232421875,132.9814035170428,131.1014338034284,132.05753605900716,28264000
2022-03-18,135.00965881347656,135.12718720596732,131.17435293501333,132.3307953908697,44566000
2022-03-21,134.98583984375,135.92656630102422,132.99330550843302,135.04732810159504,26832000
2022-03-22,138.7214813232422,139.89379910609253,134.98586098558138,134.98586098558138,35496000
2022-03-23,137.14202880859375,138.4442694271566,136.70514886604158,137.56553055143635,25154000
2022-03-24,140.41152954101562,140.4581413727079,136.62135200854692,138.0589638071755,26396000
2022-03-25,140.5116729736328,140.87070507937713,138.59203769066454,140.7526772850465,24126000
2022-03-28,140.29595947265625,140.83847267217368,138.66542339972597,139.74550107592432,35050000
2022-03-29,141.33734130859375,142.61479282683288,140.87417414180615,141.4781907391212,34318000
2022-03-30,140.7749786376953,141.55056596107124,140.43925249315063,141.29220332405055,19884000
2022-03-31,137.92752075195312,140.9430935807132,137.88487396414888,140.88853656508715,37524000
2022-04-01,139.0016632080078,139.3195316638882,137.1737682495904,138.3564979945896,25942000
2022-04-04,141.79954528808594,142.53398429656113,139.16036224405133,139.2079728997419,25942000
2022-04-05,139.43856811523438,141.81838966408807,139.23178108005197,141.69789505239882,21418000
2022-04-06,135.4286651611328,138.21810996580516,134.40611087205892,137.61261036383607,32468000
2022-04-07,134.7746124267578,136.04015389622998,133.12721715505515,134.895107035721,26234000
2022-04-08,132.19491577148438,134.5578779659387,131.87554910979466,134.47208496943966,25142000
2022-04-11,127.76752471923828,131.0097256720132,127.61379647771936,130.74293347180281,36884000
2022-04-12,126.66758728027344,130.5212423290769,125.74967490379522,130.5212423290769,32710000
2022-04-13,128.82923889160156,129.26563457471275,126.69388743885823,126.9507670450841,27928000
2022-04-14,125.691162109375,129.4099304660489,125.56321417081908,129.4099304660489,31598000
2022-04-18,126.6299057006836,127.16150750964877,125.14765723721159,125.95895269585907,20808000
2022-04-19,128.94329833984375,129.26463241184499,125.95846151250545,126.64479041088664,26490000
2022-04-20,126.99041748046875,130.3218916355038,126.45485065417712,129.81904388797793,31696000
2022-04-21,123.79136657714844,129.0320490590413,123.50572537982224,128.1905088826277,36446000
2022-04-22,118.6548080444336,124.37404058160757,117.95013720142737,123.9753354789634,56884000
2022-04-25,122.06513214111328,122.26696285548644,117.53954013860086,118.1247001432462,46128000
2022-04-26,117.67740631103516,121.50576580824183,117.53954577935023,121.29203242122978,73054000
2022-04-27,113.35761260986328,116.28094605000119,111.81238510772637,113.53117356778168,91820000
2022-04-28,117.55094146728516,118.66870208583143,113.17956960106591,115.46071897101857,48884000
2022-04-29,113.17411041259766,116.95337579484945,112.88153042406998,115.77759257193108,42676000
2022-05-02,115.62734985351562,115.78851630049633,111.67699747496509,112.47539905815094,35534000
2022-05-03,116.37217712402344,117.47109620573961,115.08333000535104,115.4760799985851,24968000
2022-05-04,121.25880432128906,121.84743753057185,114.17236904181686,116.07217173392031,49916000
2022-05-05,115.55046844482422,120.04680658084364,114.06276441808895,119.21865224731681,45840000
2022-05-06,114.79769134521484,116.60773584446028,113.08088562376314,114.24030172909401,39710000
2022-05-09,111.58871459960938,114.13368219175439,111.08240126088768,112.32165521736495,40802000
2022-05-10,113.45728302001953,115.29708062521888,111.9750344564831,114.5606667108094,39900000
2022-05-11,112.67127227783203,115.41063248936665,112.30827513659509,112.30827513659509,37534000
2022-05-12,111.91899871826172,113.35810103264562,108.92424938909092,110.46452055455832,53836000
2022-05-13,115.09920501708984,116.90875017939355,112.67375572924637,113.594142514748,35038000
2022-05-16,113.50687408447266,115.2177324454328,112.95593136795685,114.01318748987721,25990000
2022-05-17,115.51824188232422,115.94174359590812,113.92838521355479,115.88272969753332,23054000
2022-05-18,110.98222351074219,114.45403235058096,110.64104162864625,114.05730975978481,35126000
2022-05-19,109.4791488647461,112.08362213791699,109.09829397497361,110.5180627695379,34144000
2022-05-20,108.01525115966797,111.26390609492667,104.92926089526213,111.03330620451212,48962000
2022-05-23,110.57410430908203,111.22819834582448,107.84962051186193,108.68918571926903,37184000
2022-05-24,105.1013412475586,105.58583938493665,101.04932840845038,104.90496623527923,76780000
2022-05-25,104.93769073486328,105.62699334651613,103.0051614939558,104.12490462445021,40258000
2022-05-26,106.90889739990234,107.75886699890704,104.36243908840518,104.81073736570944,37948000
2022-05-27,111.39581298828125,111.39730365863458,108.24386241128829,108.58554373009294,37914000
2022-05-31,112.82947540283203,114.78630197702584,111.1597731470303,111.82229671590991,50012000
2022-06-01,112.95840454101562,116.14159882441551,112.32166882859197,113.91351567650608,36606000
2022-06-02,116.65831756591797,116.93304735382672,112.02065295107872,113.06551449385536,37992000
2022-06-03,113.60208129882812,115.36798842891481,112.5879638758018,115.11110884827522,26136000
2022-06-06,115.8628921508789,118.3686786203438,115.21177191367441,115.74783813274163,33542000
2022-06-07,116.1891860961914,116.726251121794,114.10888390906136,114.53386869403015,31590000
2022-06-08,116.23334503173828,117.59856463960712,115.64421237528563,115.80438756918971,26108000
2022-06-09,113.89417266845703,117.32928262353619,113.83515876761014,115.37393923285215,25798000
2022-06-10,110.25028228759766,112.3504249488664,109.46130149167207,111.52326180460535,41452000
2022-06-13,105.52037811279297,107.89970745137141,105.24912150780392,105.91114561990199,47252000
2022-06-14,105.8407211303711,107.03981023394988,104.93272890444857,105.66170449580932,33706000
2022-06-15,108.86473083496094,110.5101281231061,106.78690296928498,107.65522217666569,39698000
2022-06-16,105.16432189941406,107.75788407901256,104.27616231851945,106.34208771365974,51684000
2022-06-17,106.26522064208984,107.80846549966309,104.18491071395393,105.16431896946578,51376000
2022-06-21,110.62964630126953,111.56739902352787,107.70977872020165,108.03657603615589,47416000
2022-06-22,110.57361602783203,112.41737098859431,109.47767062090766,109.6502478770662,30774000
2022-06-23,111.3219223022461,111.81832309519362,109.5947045131696,111.31151031036939,28362000
2022-06-24,117.0079345703125,117.11108593640661,112.02660588324883,112.0687608319365,41164000
2022-06-27,114.88398742675781,117.60747238809732,114.23534152789627,117.30348914348141,36420000
2022-06-28,111.08934020996094,116.34788004318068,110.93114755882172,114.8532296266053,35792000
2022-06-29,110.78585052490234,112.23289031786092,109.96364371615972,110.63757801717347,24716000
2022-06-30,108.06980895996094,109.97903242980904,105.87495184497295,109.09831103463256,43170000
2022-07-01,107.84615325927734,108.35444913580423,105.85560141078064,107.0482435979797,35476000
2022-07-05,112.33455657958984,112.4476205204141,104.8647923311928,106.22257357959492,39342000
2022-07-06,113.63282012939453,114.6419812155782,110.56219823466688,112.37323400124177,37432000
2022-07-07,117.80931091308594,118.2124805128393,113.89219223353552,114.13666975081995,40936000
2022-07-08,118.37512969970703,118.70390952621402,115.94322591003493,116.28887225514453,38238000
2022-07-11,114.72827911376953,117.03075205965408,114.38511466684228,117.03075205965408,31196000
2022-07-12,113.08584594726562,116.01513422724025,112.75805737728307,115.26235327439865,29960000
2022-07-13,110.44070434570312,113.25990236152596,110.28994990879096,110.78535185551783,43722000
2022-07-14,109.46279907226562,110.18235402261737,107.48464911605639,109.30708832837976,37004000
2022-07-15,110.86123657226562,112.2130703596854,109.99093473931617,111.08241574521796,46770000
2022-07-18,108.13624572753906,112.74812973437768,107.48165988903675,111.71665403211723,43164600
2022-07-19,112.87706756591797,113.08534523356836,108.66190591539453,109.94133235969358,36530900
2022-07-20,112.9663314819336,114.45403556404811,111.55797343357686,112.24231216588865,35600400
2022-07-21,113.40272521972656,113.61101046049744,110.1992065063923,113.34321947485182,32676200
2022-07-22,107.01551818847656,111.41911725096242,105.62699282575305,110.09010519867219,48901200
2022-07-25,106.62872314453125,108.96937840173452,105.42864264206895,107.52134719462656,34690900
2022-07-26,104.15911102294922,106.32124110364808,103.21690153174416,105.72616102673679,47991000
2022-07-27,112.13320922851562,112.9762475648789,107.12461020563455,108.36436356281115,59858500
2022-07-28,113.2837142944336,113.40272578477607,110.54633651373639,111.44888067205848,32816600
2022-07-29,115.36650085449219,115.7533033393372,112.13322162287426,112.15306191622032,37223400
2022-08-01,113.91845703125,115.76321063113234,113.40271539749043,114.35485263414594,26034300
2022-08-02,114.18624877929688,115.39624935448683,112.78781082558956,113.0655143870716,20236000
2022-08-03,117.11209106445312,117.64766555135574,114.53340497580989,114.76151541085653,28499000
2022-08-04,117.2211685180664,117.80632850385459,115.93182192650802,116.51698947915064,21602900
2022-08-05,116.50707244873047,117.1418256153438,115.04912116805919,115.27723913427396,19159500
2022-08-08,116.33846282958984,119.16509908636492,115.92189993370644,117.4195241692398,19138300
2022-08-09,115.6739501953125,116.35829650347921,114.76149349565979,116.17977170860331,19086500
2022-08-10,118.71878814697266,119.92878873304059,117.43936923676468,117.80633141765588,30930400
2022-08-11,117.86582946777344,120.49410814131456,117.58812592192379,120.28583048192732,24293700
2022-08-12,120.68255615234375,120.68255615234375,118.48075288719056,119.2741980957184,19096300
2022-08-15,121.07928466796875,121.29748248930953,119.62133337705963,120.13706749098401,19494800
2022-08-16,120.702392578125,121.42641192061868,119.65108407641937,120.5238677790755,19041200
2022-08-17,118.57002258300781,120.29575726084148,118.40141036356964,119.13534985161822,22847000
2022-08-18,119.1849365234375,119.82960983443398,117.74682554009155,118.45100459562921,17987700
2022-08-19,116.24919891357422,118.17329866159419,115.8028907047583,118.08403247971835,21809500
2022-08-22,113.30355072021484,114.6821560186315,112.91674823026226,114.25568050831775,21456600
2022-08-23,112.92666625976562,114.06724098148526,112.50019075744802,112.54978392368335,15870400
2022-08-24,112.758056640625,113.83911800192885,111.94477869138811,112.5696116974473,17734600
2022-08-25,115.69379425048828,115.76322014148404,113.17461431501371,113.3035459506188,16956800
2022-08-26,109.43551635742188,114.17634005588431,109.28675199221415,113.77961742600252,37245700
2022-08-29,108.52305603027344,110.040513040239,107.90814316272662,109.08838330000286,21191200
2022-08-30,108.0469970703125,109.59420698279374,106.91634250859858,109.26691024996742,27513300
2022-08-31,107.33289337158203,109.94133184491908,107.24362719051874,109.74297432432968,28627000
2022-09-01,108.8404312133789,109.54461025492617,106.47994340226887,107.39240011242691,28360900
2022-09-02,106.96593475341797,109.8322443549404,106.38077471005731,109.68347241560721,24160700
2022-09-06,105.9344482421875,107.14444879573196,104.91289263064388,106.42043703294185,25068300
2022-09-07,108.55280303955078,109.07846482937784,106.02371068181908,106.18239517986085,23167000
2022-09-08,107.49158477783203,108.70158540495544,106.28159171756349,107.15437545780347,24238300
2022-09-09,109.74297332763672,110.08018262294702,108.12633003878351,108.17592320190764,23197700
2022-09-12,109.95124816894531,110.70502034132073,109.02887135324441,110.08017979616115,22966800
2022-09-13,103.46487426757812,107.41225298799911,103.23675627988764,106.91635155696838,38172900
2022-09-14,104.1392822265625,104.41698576847003,102.81027025690392,103.71280676810338,26395100
2022-09-15,102.0664291381836,104.40707676995653,101.51101442821535,103.17724342441045,34188300
2022-09-16,101.95732116699219,102.2846103090457,100.11256752914515,101.2333018624559,42797200
2022-09-19,102.22510528564453,102.48297610964131,100.71756849189899,100.91592600767855,23036800
2022-09-20,100.31092834472656,101.53084904223219,99.6960079229227,101.24322534010722,26517100
2022-09-21,98.46617126464844,102.03665948648352,98.45625111888704,100.83657912239514,31487300
2022-09-22,99.31912231445312,100.41010377703378,97.98019017551985,98.00994304598551,34298600
2022-09-23,97.93060302734375,98.84306732316416,96.67101684353818,98.81330688401681,31625400
2022-09-26,97.36527252197266,99.06125428806656,96.99831035340091,97.29584663330873,27072700
2022-09-27,96.70076751708984,99.18027437650241,96.07593451258548,98.61494711523052,30072800
2022-09-28,99.2298812866211,99.87454710588955,96.3139783946222,96.84955285847029,32466300
2022-09-29,96.62142944335938,97.8314301011561,95.17339822616405,97.8314301011561,31047200
2022-09-30,94.86592864990234,98.08928738689897,94.77666247319067,96.25445392690247,32941500
2022-10-03,97.83142852783203,98.47610186740503,95.72880384753613,95.96684196996166,27982000
2022-10-04,100.80683135986328,101.00518888401722,99.5571577705009,99.61667108123069,28850800
2022-10-05,100.59854125976562,101.09444257573276,97.99010306184583,99.01165856204153,22176900
2022-10-06,100.58863830566406,102.08626265455283,99.76544016442644,99.85470635132027,22324000
2022-10-07,97.87110137939453,99.7059350605101,97.49421903648668,99.03150884851111,27502800
2022-10-10,97.05781555175781,98.28764881556005,96.21478474646479,98.18847005614693,18225100
2022-10-11,96.38339233398438,98.43642374055914,95.52052121037734,96.6313430235072,26507100
2022-10-12,96.76028442382812,97.94053224647043,95.9470063827848,96.50242112883399,21876400
2022-10-13,98.24797058105469,98.96206971787448,93.60633375857984,94.37002605589976,34574500
2022-10-14,95.76847839355469,99.86462890500115,95.58004100220128,99.17036238714927,25410700
2022-10-17,99.15052795410156,100.10265774202443,98.0198733580147,98.04962623156622,28419200
2022-10-18,99.9439697265625,102.62184195796414,99.15053198777534,102.28462505466679,24060700
2022-10-19,98.81330871582031,100.1919139812081,98.10912964670428,99.19019861679422,23811100
2022-10-20,99.15052795410156,101.48126304018042,98.57528050925599,99.18028082765306,25323200
2022-10-21,100.30101013183594,100.47953493084219,96.9189666638649,97.04789829825931,32458700
2022-10-24,101.67961883544922,101.9077368068661,99.16044640435987,100.9655271818657,27176400
2022-10-25,103.6235580444336,103.96076735839142,101.87798302852408,102.05650783204726,40611400
2022-10-26,94.15184020996094,97.50413095357072,93.91380965641918,95.63954441159298,88114100
2022-10-27,91.46405029296875,94.64773619425107,91.04749495639449,93.74519206481907,60710900
2022-10-28,95.50068664550781,95.75855747636481,91.37478361921333,91.51363539732378,43697300
2022-10-31,93.73527526855469,95.242812042702,93.20962104840368,94.637811790529,31675000
2022-11-01,89.7283935546875,95.2428142728165,89.62921479576478,94.66756687746879,47161400
2022-11-02,86.25708770751953,90.43257644134617,86.16782152387951,90.19454589639709,57038300
2022-11-03,82.74610900878906,85.81077606951776,82.65684282083558,85.61241853361773,61288000
2022-11-04,85.87029266357422,85.92979841324605,83.02381575687284,84.69996499661167,51124900
2022-11-07,87.7646255493164,88.17126831965837,86.1380696016579,86.56454509810828,34078900
2022-11-08,88.17127227783203,89.5796304672484,86.87200543719126,88.17127227783203,30429000
2022-11-09,86.60420989990234,88.70683431006073,86.56453688459513,87.72494420662868,31769100
2022-11-10,93.1699447631836,93.61625293565226,90.85904273789478,91.49379583808987,51620100
2022-11-11,95.61970520019531,96.1354392923686,93.15011094483498,93.91380328731896,33090500
2022-11-14,94.91551208496094,95.99658092538591,93.73527205818615,94.31051185350877,30179500
2022-11-15,97.63306427001953,99.31912590340235,95.91724219824151,97.4545394739204,41640800
2022-11-16,98.03971099853516,98.82323616436666,96.83963044839486,97.09750131019068,29105200
2022-11-17,97.55372619628906,98.46618297666177,95.99659606811966,96.17512087878868,26052600
2022-11-18,96.63134002685547,98.0892912467336,95.58003155727448,97.96035204939338,28342300
2022-11-21,94.81633758544922,97.59338820085925,94.5783070537111,96.49248658714596,21647400
2022-11-22,96.25445556640625,96.42306021024527,93.2790474508061,95.16346653720288,23438500
2022-11-23,97.65290069580078,97.95044455619234,96.29412816473291,96.29412816473291,18868100
2022-11-25,96.66108703613281,97.83141448608896,96.60158129749476,97.43469190584294,9701400
2022-11-28,95.26266479492188,96.78012191327572,94.8262691285725,96.24454747735288,26237500
2022-11-29,94.40970611572266,95.33208297513312,93.33855733056448,94.94528050830175,20061700
2022-11-30,100.16215515136719,100.21174831439473,93.64601154608545,94.04273414974281,43647500
2022-12-01,100.16215515136719,101.4118287044889,99.42822325305634,100.191908022442,28687100
2022-12-02,99.61666870117188,99.94395785152076,98.08929158774455,98.23806351073277,21480700
2022-12-05,98.66453552246094,100.54895459128153,98.18846689898945,98.58518949074,24405100
2022-12-06,96.18502807617188,98.96207106432217,95.62961342505861,98.48601001120109,24910700
2022-12-07,94.16175842285156,96.08585067198514,93.94356060039664,95.61970972120518,31045400
2022-12-08,92.94182586669922,94.79649955511114,92.68395505775045,94.59813448405295,32213300
2022-12-09,92.06905364990234,93.48733192437892,91.98970761165849,93.0013431152763,28225400
2022-12-12,92.54510498046875,92.7930556486765,90.85904346339758,91.95002489014092,29420000
2022-12-13,94.8460922241211,98.7141243795283,94.2510121002556,96.95863687909693,40593700
2022-12-14,94.29068756103516,96.07593554575189,92.83273630132557,94.4196191950435,28733600
2022-12-15,90.11519622802734,92.87240659372344,89.27216542487523,92.36658508509045,40107000
2022-12-16,89.52011108398438,90.5813396378672,88.78617166028681,90.01601241882409,58011800
2022-12-19,87.71503448486328,89.81765139665094,87.4869165311304,89.5201151224369,29493000
2022-12-20,88.290283203125,88.44897528550977,86.72324050727767,87.38774657684024,23453800
2022-12-21,88.84568786621094,89.48044099017838,87.59601434290138,88.349786515183,24745600
2022-12-22,87.04061126708984,87.81421619968995,85.61241288884075,87.43733387958731,27658300
2022-12-23,88.49856567382812,88.81594226177606,86.35626803003854,86.39594104938888,23003000
2022-12-27,86.67363739013672,88.21093460263191,86.29675508801945,88.07208282991216,20097300
2022-12-28,85.31487274169922,87.31831861670652,85.23553426923881,86.26701007977196,19523200
2022-12-29,87.7249526977539,88.12167532237186,85.9000392181079,85.9099593646084,23333500
2022-12-30,87.50676727294922,87.57619316857544,85.8603709383056,86.26701373187004,23986300
2023-01-03,88.38946533203125,90.30364497529531,87.79437761826055,88.85560627643153,28131200
2023-01-04,87.35797882080078,89.90691131674406,86.55461353258538,89.60936749638965,34854800
2023-01-05,85.49339294433594,86.85216541875592,85.19585666320351,86.75298665837843,27194400
2023-01-06,86.62403869628906,86.97117567277324,84.16437239360367,86.07855178597063,41381500
2023-01-09,87.29847717285156,89.31184316795068,87.13979266316744,87.63569405206921,29003900
2023-01-10,87.69519805908203,87.94314874861813,85.12643254757823,85.2752044746708,30467800
2023-01-11,90.76978302001953,90.8491290549015,88.28036360214634,88.44896825112974,26862000
2023-01-12,90.38298797607422,91.1169275086837,89.0143028128799,90.73012501545803,30258100
2023-01-13,91.36486053466797,91.43428641574049,89.39116786287846,90.10526696354064,26329200
2023-01-17,90.54167175292969,91.49380146174484,89.3118384915669,91.30535652243567,32602400
2023-01-18,90.3730697631836,92.0392986943226,89.89700111134908,91.38470524390696,29116700
2023-01-19,92.28726196289062,92.84266916002713,89.88709321771738,89.9763594126032,37000400
2023-01-20,97.21649932861328,97.49421044649547,94.24109116727796,94.3204372009586,63191100
2023-01-23,98.97200775146484,99.21995846507203,96.70077830680043,97.14708656455124,40005100
2023-01-24,96.89913177490234,98.79347877926642,96.40323036854797,97.29585441335684,33078500
2023-01-25,94.43944549560547,95.37174236803631,92.9914145966969,94.78657489485524,42330000
2023-01-26,96.7206039428711,96.77019710869844,94.59814659536165,95.70896843494373,30114000
2023-01-27,98.55545043945312,99.49766010597479,96.51233145386189,96.51233145386189,33879800
2023-01-30,96.1453628540039,97.48429507886306,95.60978845068932,96.68093725731849,27226200
2023-01-31,98.02978515625,98.0694581762873,96.02634682892345,96.07593999568378,29870700
2023-02-01,99.60675811767578,100.36053038415385,96.78012157695186,97.90085604626204,35531100
2023-02-02,106.85681915283203,106.96591805351979,104.74428215805406,104.93272708957909,69883800
2023-02-03,103.92109680175781,106.92625809323451,101.7391336553045,102.08626312403277,65309300
2023-02-06,102.05651092529297,103.50454212360086,101.04486781904797,101.56060951901542,31999600
2023-02-07,106.75764465332031,107.29321903254016,102.27469966826962,102.37387842734272,49010200
2023-02-08,98.55545043945312,102.29454379804132,97.23635085283868,101.21348233996603,94743500
2023-02-09,94.23118591308594,99.21003262732542,92.86249320969232,99.18027975409596,119455000
2023-02-10,93.79478454589844,95.95691481547425,93.47740797269714,94.6675682304884,54980700
2023-02-13,93.8344497680664,94.41960970225928,93.07075748649667,93.96338138911219,50076100
2023-02-14,93.90389251708984,94.07249718262943,91.50373147763352,93.65594180887688,54726100
2023-02-15,96.1453628540039,96.32388765510876,93.37823222030585,93.7154415296958,50169000
2023-02-16,94.72708129882812,96.87929141683016,93.96338895576008,94.58822952133472,42462600
2023-02-17,93.57658386230469,94.77666422937034,92.44592938203277,94.07248521564689,34284100
2023-02-21,91.0375747680664,92.33683394114578,90.96814887866952,92.23765518012942,33629300
2023-02-22,90.89871215820312,91.35494045799983,89.8672365194592,90.9482977493757,30884000
2023-02-23,90.14495849609375,91.18635449298117,89.0242240237194,91.16651419896813,41206400
2023-02-24,88.39937591552734,89.15314812025682,87.85388894602733,88.70683991186095,36585100
2023-02-27,89.13330841064453,89.4209320921076,88.60764664095792,89.13330841064453,27502300
2023-02-28,89.32174682617188,90.4821617111098,88.5878149626214,88.59773510812792,30142000
2023-03-01,89.61930084228516,90.28380689652273,88.93495449477956,89.24241850559551,31111200
2023-03-02,91.245849609375,91.52355315835904,88.85560143860462,88.92503489270483,32204400
2023-03-03,92.88231658935547,92.96166261475511,91.69214890892111,91.72190934358608,35160100
2023-03-06,94.3501968383789,95.18331511806566,93.22946240796787,93.24929513438325,32639300
2023-03-07,93.09060668945312,94.8857672449639,92.76330996601668,94.20142849315206,27835500
2023-03-08,93.47740173339844,95.17338339263445,93.22945106567059,93.34847011024735,34103300
2023-03-09,91.56321716308594,94.74690265091589,91.14666188060802,93.27903901736893,28813500
2023-03-10,89.88707733154297,92.02937482791765,89.65896694454361,91.41445442058324,35941000
2023-03-13,90.3631591796875,91.81119044726069,88.68700992489863,89.35151602505144,37335600
2023-03-14,93.19970703125,93.58650950422467,91.6822500116025,91.80126150060728,36050200
2023-03-15,95.32217407226562,96.135452119845,91.88061691598347,92.45586439440325,50622100
2023-03-16,99.49764251708984,100.3605135550846,94.71715400007437,95.41141283511351,65492000
2023-03-17,100.78700256347656,101.9969956149556,99.27945808045726,99.43815015945079,61028500
2023-03-20,100.39026641845703,100.91592061736439,99.05133434132713,99.29928500623465,32960400
2023-03-21,104.05994415283203,104.23846895297474,100.39027695383191,100.4200298260466,42110300
2023-03-22,102.52265167236328,105.71625013011207,102.48297865485124,103.41526808239401,43427400
2023-03-23,104.73436737060547,105.42863382566868,103.60371285731998,104.19879298533533,40797800
2023-03-24,104.57569122314453,104.62527682377592,102.98880066584036,104.12937541633211,30393300
2023-03-27,101.62010955810547,103.90125892558605,101.09445530767543,103.76240714497641,31120900
2023-03-28,100.20182800292969,101.61018605507579,98.92240158084621,101.60027347597008,32057900
2023-03-29,100.55887603759766,101.64985750388202,99.8249441518215,101.44157984306125,28779600
2023-03-30,100.06298065185547,100.33077163663715,98.96207897409658,100.0828209446528,33086200
2023-03-31,102.87971496582031,103.03839949014954,100.21176282590807,100.46963369065539,36863400
2023-04-03,103.50454711914062,103.67315178936734,101.09446586563742,101.55069427340956,25035400
2023-04-04,103.86158752441406,104.71453851392779,103.18716133658586,103.47478504857116,24420100
2023-04-05,103.61363983154297,105.2302756731111,102.8102819841236,104.91289907946413,28290500
2023-04-06,107.53125762939453,108.27510972849137,103.47478781441008,104.39716471996435,48711500
2023-04-10,105.56748962402344,106.7080567599706,104.25831026578564,106.10306402969181,27067400
2023-04-11,104.48641204833984,105.85510460555605,103.82190606100231,105.67657981839106,26311800
2023-04-12,103.78224182128906,105.87494628290851,103.48469796190201,105.70634162712136,24370300
2023-04-13,106.54936981201172,106.6088755556612,104.97239950361016,104.97239950361016,24843600
2023-04-14,107.97756958007812,108.04699547084493,105.96420361413152,106.01379677904549,26578000
2023-04-17,105.1013412475586,105.2897861961485,103.66322268410477,103.80208203407157,37571200
2023-04-18,103.64338684082031,105.66666534841484,103.2169113578442,105.61707218442865,26596400
2023-04-19,103.32601165771484,104.11945689106093,102.22510999070306,102.73093151613256,20905700
2023-04-20,104.42691040039062,105.37904011363008,103.01855233915232,103.05822535639409,27820800
2023-04-21,104.54592895507812,105.13108893118996,103.92108839505883,104.6054346972307,25800100
2023-04-24,105.1013412475586,105.75592714410803,103.84174748622819,104.62527258627793,23542800
2023-04-25,102.99871826171875,105.81544212100182,102.98879811509617,104.96249111597527,46664100
2023-04-26,102.85985565185547,105.47821413741524,101.78870693498448,104.05993599383254,53347600
2023-04-27,106.70805358886719,107.48166608530138,102.6912570160058,103.59379357823073,50089200
2023-04-28,106.4601058959961,106.47002604243367,104.22854965938166,106.16256960456029,36139800
2023-05-01,106.32125854492188,107.10478367534759,105.94437619998563,105.96420892683281,26681700
2023-05-02,104.45667266845703,106.32125924543107,102.85986952338662,106.26175349764249,30997200
2023-05-03,104.54592895507812,106.60887287386203,104.09961318837087,104.66494043938329,21795400
2023-05-04,103.83184051513672,104.73437715411653,103.11774126807067,104.62527823765616,23419500
2023-05-05,104.7046127319336,105.01206915340022,103.25658167035746,103.96076069275621,26639300
2023-05-08,106.88658905029297,107.07503401183828,104.29799059182162,104.31782331926341,26511400
2023-05-09,106.47002410888672,109.2470748463162,106.31133960304034,107.50149988087897,36360100
2023-05-10,110.8339614868164,112.01420922516127,107.04527514179809,107.08494816131481,63153400
2023-05-11,115.61444091796875,116.95337305517583,113.47215101180822,114.45403357017953,78900000
2023-05-12,116.54673767089844,117.06247174670034,115.15821237424916,115.7235396119098,41102300
2023-05-15,115.554931640625,117.5087841186648,115.05903030373587,115.15820905774291,36266800
2023-05-16,118.53035736083984,119.76019074124378,115.47560285342378,115.5351086013426,45035600
2023-05-17,119.84943389892578,120.67263195090871,117.91542167256014,118.62952082286563,33323600
2023-05-18,121.82313537597656,122.29919646548392,119.83952984703524,119.95854133598478,35234200
2023-05-19,121.75370025634766,124.93738598095622,121.1487000105305,122.53722528891174,41353400
2023-05-22,124.0249252319336,125.39361017394512,121.73385594977576,121.9322210212038,35253000
2023-05-23,121.55533599853516,123.60836727655007,121.20820656831121,123.14222636559451,34046300
2023-05-24,119.90895080566406,120.91067367529489,118.87747506501967,120.12714861556921,34182600
2023-05-25,122.46780395507812,124.2927173391139,120.96025957388359,123.49927213144791,42317000
2023-05-26,123.58854675292969,124.2332200823341,121.44624908602053,122.16034830832359,35635900
2023-05-30,122.65625,124.62994301273424,120.99994114625623,124.61010271936992,35076700
2023-05-31,121.8628158569336,123.04305607346541,121.49584608754014,121.74379679384124,37325800
2023-06-01,122.70584106445312,123.40009998321423,121.6148595206051,121.8132170497212,30772700
2023-06-02,123.64804077148438,125.1159120966453,122.74550424940523,122.97361463292732,26980100
2023-06-05,124.97706604003906,126.38542412216299,122.82484833216863,122.99346054966021,32305500
2023-06-06,126.26640319824219,127.2383656366913,124.3323909005138,124.97706418870804,26638300
2023-06-07,121.49583435058594,127.98221754198133,121.11895203748432,125.92919376166726,52539000
2023-06-08,121.1387939453125,122.21986293706264,120.24616990782498,121.22806013248871,29389200
2023-06-09,121.2280502319336,122.74550718830598,120.9106736630639,121.2478829569892,23778300
2023-06-12,122.62649536132812,123.03313813403905,120.66273009040363,121.78346450999771,28306400
2023-06-13,122.81494140625,124.13404093411759,122.17026807883049,123.95551612909149,22278300
2023-06-14,122.65625,123.03313990537379,120.45444658155986,122.09092270879414,30592300
2023-06-15,124.06460571289062,124.43157546435972,121.39666138886585,122.13059332494937,35246300
2023-06-16,122.51741027832031,125.07626356074357,122.26945955483409,124.89773873715926,45535600
2023-06-20,122.0909194946289,123.54887077747642,121.1387897432877,121.92231483974503,26097500
2023-06-21,119.56182861328125,121.65453309243799,119.11551282046045,121.39666224993185,30306300
2023-06-22,122.14051818847656,122.22977680974192,117.8559303300752,119.01633780765464,26952200
2023-06-23,121.33714294433594,121.78345871511222,120.06763665447824,120.38501322694266,34913600
2023-06-26,117.36993408203125,120.99993578775403,117.30050819204033,119.77010249354858,33969900
2023-06-27,117.36001586914062,118.10386789770331,115.14829250813179,116.12026248820283,39535900
2023-06-28,119.19486999511719,119.40314769115022,115.89216460047449,116.13019517210432,27091400
2023-06-29,118.12370300292969,119.0758327106557,117.33026536325183,118.26255477904468,24090900
2023-06-30,118.71878814697266,120.08748080780242,118.708875567441,119.1849366580173,29532200
2023-07-03,118.91715240478516,119.2047761131289,117.84600360823359,118.26255895127434,14467900
2023-07-05,120.75199127197266,121.60494228794853,118.25265153768966,118.26256411758469,27584800
2023-07-06,119.12543487548828,119.31387982882194,117.42945299604987,118.81797842897954,24745200
2023-07-07,118.50059509277344,120.05772509699975,118.42124905726847,119.1155079508008,21709500
2023-07-10,115.49542236328125,117.34017600620315,115.18796594507899,117.33026342725442,35315200
2023-07-11,116.17977905273438,116.74510634443534,114.40445113781433,115.33674818852833,23078800
2023-07-12,117.95510864257812,119.34363409167489,117.4393745101533,117.82617700118566,30404400
2023-07-13,123.51911926269531,123.80674297722868,119.4626419533475,119.938710617678,44297900
2023-07-14,124.39189910888672,125.74075145445121,122.47771949840582,123.77698624657505,33283100
2023-07-17,123.62821197509766,126.05812564014278,123.18189620588134,124.9076384065508,25716200
2023-07-18,122.7455062866211,123.65796296956178,121.95206108684837,123.57861693621366,26193600
2023-07-19,121.0296859741211,124.1538660880998,120.80157558357863,123.57861868845079,37224000
2023-07-20,118.22289276123047,123.07280793107658,117.25093023799634,120.42469622569655,37906800
2023-07-21,119.03617858886719,119.9982285952709,117.75675952969813,119.63126637165477,72937900
2023-07-24,120.53379821777344,121.99174960669664,119.98831119460458,120.66273743006377,29686100
2023-07-25,121.20821380615234,122.14051081744289,120.02796610605938,120.36518297759501,52509600
2023-07-26,128.21031188964844,129.90628566963002,127.26810255258034,129.0037569069655,61682100
2023-07-27,128.33926391601562,132.14779780312753,127.73426366088836,130.59066029279523,44952100
2023-07-28,131.4932098388672,132.64370465595107,129.49969176817697,129.7079618698937,36591200
2023-07-31,131.63204956054688,132.43540728957092,130.69975264360772,131.64196213896054,28055500
2023-08-01,130.47164916992188,131.54279790983335,129.60877052366334,129.70795684787504,23166800
2023-08-02,127.32764434814453,129.0236186085389,126.51435881324909,128.3888654416219,26273300
2023-08-03,127.3970718383789,128.32936892986376,126.3755161233375,126.92101071236698,20089500
2023-08-04,127.05984497070312,130.43196810964983,126.8614874567136,128.22025231793552,26147200
2023-08-07,130.45181274414062,130.53115877911966,127.962393323222,128.10124510100812,22746300
2023-08-08,130.32289123535156,130.431990156543,128.4781372893849,129.54928620643435,23535200
2023-08-09,128.59715270996094,130.9576330468754,127.94255923989908,130.58075827957177,24912900
2023-08-10,128.6269073486328,130.9675625582551,128.38886922887625,130.2435507528464,20857800
2023-08-11,128.49795532226562,128.86491747828384,127.11935017534717,127.60533894622364,19591100
2023-08-14,130.2534637451172,130.29312919834737,127.90289594820355,128.3293638886943,24695600
2023-08-15,128.71615600585938,130.3427118640274,128.22025464503122,130.0253428626258,19770700
2023-08-16,127.64501190185547,129.21206207522133,126.8218213636926,127.64501190185547,25216100
2023-08-17,128.8550262451172,130.90806543730483,128.23018559815387,128.73601474425206,33446300
2023-08-18,126.41519165039062,128.19051967813363,125.34404274535204,127.45658011346536,30504800
2023-08-21,127.31771850585938,127.67476811335399,125.5225578886843,126.13747833867052,25248700
2023-08-22,128.0218963623047,129.21205659443743,127.2681317464859,127.45656155015928,22054900
2023-08-23,131.28492736816406,132.31641072027463,128.80542045173755,129.11287688798097,27819700
2023-08-24,128.71615600585938,133.14951538235977,128.50788590918833,132.85197153912117,28500700
2023-08-25,128.8153533935547,129.6881295726403,126.20690716881097,128.47812893761383,26762900
2023-08-28,129.93609619140625,131.45355346104287,129.07323248655334,130.23364009664536,20543300
2023-08-29,133.4669189453125,135.45052467736468,131.1560164514264,131.1560164514264,43075600
2023-08-30,134.7661590576172,135.16287409396253,132.9709985475354,133.67517000710467,28315800
2023-08-31,135.0537567138672,136.8687572675909,134.67686688730078,134.89506466755432,30053800
2023-09-01,134.5479736328125,136.3332217281178,133.7446157733526,136.3332217281178,21543700
2023-09-05,134.65707397460938,135.30173975827023,133.47682618982745,134.32977722585983,19403100
2023-09-06,133.35780334472656,135.41082715108524,132.57427070368973,134.9050132008134,18684500
2023-09-07,134.15122985839844,134.46861399155742,131.8601680068501,132.49492113945962,18844300
2023-09-08,135.2620849609375,135.5397885635056,133.74462772772205,133.8041334805993,23558300
2023-09-11,135.79762268066406,136.35302976641478,134.6768807966762,135.4207328151726,20763400
2023-09-12,134.2305908203125,135.74804793318728,134.08182644991697,135.14304760406196,18405500
2023-09-13,135.58937072753906,135.77780055178212,133.05034278578884,133.98263986174015,20749500
2023-09-14,136.96798706054688,137.56305972256655,135.12323305423436,136.4720856086748,24751000
2023-09-15,136.27371215820312,137.38454169510266,135.3612553079111,136.84895965520028,38919600
2023-09-18,137.07704162597656,138.019251052884,135.49015144003303,135.49015144003303,21861300
2023-09-19,136.908447265625,137.2754245802509,135.5000891528616,136.29353439301667,20353700
2023-09-20,132.64370727539062,136.9481276445737,132.52468065263594,136.9481276445737,29927500
2023-09-21,129.37075805664062,131.14607838789655,129.00379586795694,130.36256084439935,31503900
2023-09-22,129.1822967529297,130.94770428096794,128.53763107597587,129.68811066252235,26397300
2023-09-25,130.03526306152344,130.0947688069164,127.90289313849301,128.76575671410941,20094600
2023-09-26,127.51609802246094,129.29141844193066,126.17715813897233,128.70625840016731,25718700
2023-09-27,129.4699249267578,129.82697452376246,127.51608742320651,127.51608742320651,22746500
2023-09-28,131.2254180908203,132.20730825142687,128.72607094890918,128.77566411264445,22513100
2023-09-29,129.78732299804688,132.95117654608515,129.29142156753832,132.187484105663,30859800
2023-10-02,133.0701904296875,133.31814114938217,130.09478179335153,130.1344623833808,22288000
2023-10-03,131.3444366455078,133.15943757319482,130.75927662958244,132.8420685488848,22989400
2023-10-04,134.13140869140625,134.45870541332442,131.44361659343454,131.70147985901755,26752300
2023-10-05,133.96279907226562,134.37935439370042,132.3560683939219,133.96279907226562,19832600
2023-10-06,136.45223999023438,137.02748746801123,132.9114964978089,132.9114964978089,27597600
2023-10-09,137.2853546142578,137.80109635598646,134.49839090670235,135.8174905702575,19278100
2023-10-10,136.92828369140625,138.57467986983306,136.20427192955205,137.36467931785276,27786600
2023-10-11,139.3979034423828,139.9533106562274,137.44405047915077,137.44405047915077,25884300
2023-10-12,137.830810546875,140.06236642948565,137.1266240317535,139.89376180106655,24765500
2023-10-13,136.23402404785156,138.8523826583463,135.50008457709373,138.23746980650327,23420500
2023-10-16,137.9597930908203,138.4854474310205,136.85889123736658,137.03740849990476,28501900
2023-10-17,138.57467651367188,138.75319373814438,136.0554891433646,137.49361518669917,23515800
2023-10-18,136.82911682128906,139.56648701861894,136.25386939858822,138.30689326315832,23375000
2023-10-19,136.62081909179688,138.51516584160242,136.25385694319345,137.36467110137107,26066000
2023-10-20,134.48846435546875,136.73984579212933,133.97272266731449,136.2042789444492,26335700
2023-10-23,135.38108825683594,136.53158318839846,132.85198797694417,133.93304944521964,26317900
2023-10-24,137.672119140625,138.2176136078902,136.29351410537674,136.70015681131144,44814300
2023-10-25,124.58033752441406,127.25820178277296,124.04476315937147,127.10943743152842,84366200
2023-10-26,121.27763366699219,123.31083224083282,120.27591081531207,122.25951622711595,57061100
2023-10-27,121.16854095458984,122.29919549173574,119.22460845972752,121.87272000373477,44566500
2023-10-30,123.43977355957031,124.37207059770444,121.74379170735196,122.20002007986204,28940100
2023-10-31,123.06289672851562,124.34232328480618,121.68429140278461,124.03485926262917,26292300
2023-11-01,125.41345977783203,125.45313279745749,122.70584239837481,123.05297186152897,30082400
2023-11-02,126.44493103027344,127.92271501549958,125.88952390924445,127.36730789447058,27124600
2023-11-03,128.041748046875,128.4682159884043,126.81190712180837,126.970599202535,26393100
2023-11-06,129.1822967529297,129.2715553604388,127.61524673059205,127.9921365850185,19052700
2023-11-07,129.8964080810547,130.8287050924927,128.8153467097953,129.63854481279463,29757300
2023-11-08,130.75927734375,131.1262546701782,129.70796879855988,129.89641375169958,26425800
2023-11-09,129.1724090576172,131.46347122727005,129.00380438860708,130.8783111759331,23747800
2023-11-10,131.5031280517578,131.71141329610631,128.34920244954847,129.03354879478132,26913300
2023-11-13,131.00723266601562,131.50313408284546,130.17412191783197,130.69977620897475,18324800
2023-11-14,132.52467346191406,134.58762491778677,132.22714475544407,133.0900082716238,32395200
2023-11-15,133.51649475097656,133.92313755134404,132.47511386601616,133.76444546334056,23861500
2023-11-16,135.8075408935547,136.09517216084916,133.21895029015656,134.0818138246226,28013200
2023-11-17,134.20082092285156,134.94467294789172,132.5544248086727,134.88516720728182,37240600
2023-11-20,135.1331329345703,135.53977571897755,132.524686700092,132.59412016100978,27815500
2023-11-21,135.8472442626953,136.05551439657017,134.84552878301855,135.17281042196478,22635300
2023-11-22,137.35475158691406,138.2771207680308,136.34310866753836,136.34310866753836,17813900
2023-11-24,135.5695037841797,136.99770199138314,134.87524497059664,136.89851567499682,12514300
2023-11-27,135.2917938232422,137.28531156464103,134.88515113259118,134.91490399935037,23436500
2023-11-28,136.0753173828125,136.12491054089853,134.30990991764168,134.96450328347996,18730000
2023-11-29,133.88345336914062,137.15639020757226,133.7346738823066,136.44230617886066,23967200
2023-11-30,131.44361877441406,134.43886735166274,130.2038653225059,133.94296597089948,38988300
2023-12-01,130.7791290283203,131.02707974958335,129.59888117371452,130.7791290283203,31442300
2023-12-04,128.21031188964844,128.96407633256192,126.85153975672002,128.8153120128109,36669900
2023-12-05,129.91624450683594,131.05681158807658,127.19869958988002,127.89295847123121,27384800
2023-12-06,128.9541778564453,130.75925071285693,128.81532609825982,130.36253572767163,23576200
2023-12-07,135.8075408935547,137.42418419027493,133.59582503757497,133.9330343345262,56767100
2023-12-08,133.88345336914062,135.281883689647,132.93131610801126,133.09992075278979,32260100
2023-12-11,132.1973876953125,132.24698086173262,130.28321556791462,131.29485865478858,31138000
2023-12-12,131.43370056152344,131.90976162921305,130.18401944998905,130.7295139721899,29032800
2023-12-13,131.48329162597656,132.4056608757626,130.49148892278734,132.28664939416652,30104800
2023-12-14,130.8584442138672,132.6238517222141,128.62688824878407,132.28664245291358,38722400
2023-12-15,131.51304626464844,132.41557523506742,130.10467308952005,130.54106870618423,50847100
2023-12-18,134.6868133544922,136.02573795572846,131.34442787355178,131.54280052592037,32258000
2023-12-19,135.5298309326172,136.34311639898218,134.96451127135808,135.71827586427287,25476800
2023-12-20,137.2060089111328,140.5384672448695,136.93823302565937,137.83084957799318,49107200
2023-12-21,139.26895141601562,139.53674241725346,138.03911046006232,138.34658204933325,27488300
2023-12-22,140.33018493652344,140.8260863411753,139.5565799559633,139.61608570312794,26532200
2023-12-26,140.3599395751953,141.510419346836,140.032642827964,140.4293579031904,16780300
2023-12-27,139.21934509277344,140.9153344287429,138.74328401733115,140.42934564037535,19628600
2023-12-28,139.08050537109375,139.98304957042203,138.60444425438513,139.62599994946305,16045700
2023-12-29,138.544921875,139.20942786934887,137.6423777840169,138.4854161342685,18733000
2024-01-02,137.03738403320312,138.30689034141093,135.36123496575607,137.41427392066478,23711200
2024-01-03,137.78123474121094,138.48542134501582,135.9563213328076,136.1249259824603,24212100
2024-01-04,135.27197265625,138.01927043379123,135.2323072061994,137.28533097133266,27137700
2024-01-05,134.6173858642578,136.03567169625202,134.0421384410589,135.6290289280703,22513900
2024-01-08,137.70188903808594,137.87049368814525,135.1430361482217,135.17278901977872,21404000
2024-01-09,139.79461669921875,140.330198743817,137.01756553318816,137.36470260408373,24759600
2024-01-10,141.11370849609375,141.82780775984716,139.75494343237068,139.84420205691225,21320200
2024-01-11,140.91534423828125,144.02960443815402,139.4871457788245,142.3137898243085,24008700
2024-01-12,141.4806365966797,142.02613106020752,140.65745374610032,141.50047688636437,18785500
2024-01-16,141.3219757080078,143.16672938152487,140.29049239931624,140.83598692471,22670500
2024-01-17,140.31036376953125,140.67732601620952,137.7614229379769,140.1913522589787,20968600
2024-01-18,142.30386352539062,143.02789047593322,140.826087018,140.88559276545064,25746400
2024-01-19,145.18011474609375,145.24953308023393,143.19650892694762,143.55355857974237,34271900
2024-01-22,144.7932891845703,147.17360973542569,144.64450969157375,145.89419084442545,32200400
2024-01-23,145.8346710205078,145.9735228014156,144.30730143052193,144.6941039011729,21636100
2024-01-24,147.48104858398438,148.62163069280544,146.88597608407127,147.32235653052467,25233500
2024-01-25,150.6250762939453,151.7954113890045,148.31417410884393,148.83984348061125,29149100
2024-01-26,150.9424591064453,151.28958097989496,149.77212402167038,149.86139776851957,26115500
2024-01-29,152.2516326904297,152.51942366682596,150.18868118167268,150.81352174869434,27784300
2024-01-30,150.2184600830078,152.3607426484438,149.95066908718712,151.5474722147389,36331800
2024-01-31,138.95155334472656,142.81957751562527,138.72342784548118,142.44268767661725,71910000
2024-02-01,140.00289916992188,141.8873186018574,139.63592181078502,140.9550214666243,40466500
2024-02-02,141.212890625,141.45091361668173,135.38108518943704,138.11845552974717,62499600
2024-02-05,142.50221252441406,144.27754793012062,141.60959609870966,141.64927668377285,38505400
2024-02-06,142.9187774658203,144.1684434401665,142.01623336193828,143.46425685279377,29128200
2024-02-07,144.34695434570312,144.42630037557493,142.75015143708904,143.57334947158776,25208900
2024-02-08,144.7139434814453,145.13049882211826,143.91058567202538,144.63459744507298,22563800
2024-02-09,147.7786102294922,148.21500586230158,144.9817192012369,145.47762057784595,26829500
2024-02-12,146.32066345214844,148.11582406905052,146.161971374684,147.20336732419403,21564100
2024-02-13,143.95025634765625,145.46771340579025,142.51214532877424,143.7320585231407,27837700
2024-02-14,144.7436981201172,145.31894554055629,142.90885694916992,144.88254990203635,22704200
2024-02-15,141.59970092773438,142.34355308517448,139.30863870421265,141.96666314928402,37590700
2024-02-16,139.36813354492188,142.01624520205476,138.9912436385364,141.8178876690081,31468900
2024-02-20,139.96319580078125,140.91533307623592,138.34656764889544,138.51517229621072,25144700
2024-02-21,141.38148498535156,141.5203367649503,139.5268035526364,140.29049590728383,23223300
2024-02-22,142.9088592529297,143.8114034168082,141.62944032274333,143.74196995787472,27191900
2024-02-23,142.77992248535156,143.4940065020115,142.25425313452644,142.4922912292185,19493800
2024-02-26,136.44232177734375,141.27239668798464,136.26378939947426,140.97485281400884,53641800
2024-02-27,137.74154663085938,138.10850874128178,135.96621154451603,136.88859580994557,33099200
2024-02-28,135.2620849609375,136.87871340437798,134.30003493285824,136.76961447953255,37328600
2024-02-29,137.3250274658203,137.72174254712453,135.28190090934368,136.15469224866533,42133000
2024-03-01,136.01585388183594,137.73166872171055,135.79765602546902,137.29527300897672,31151100
2024-03-04,132.25689697265625,134.54795880340606,130.82869865382304,134.54795880340606,55999400
2024-03-05,131.58248901367188,132.14782393122584,129.5988832123646,130.79897138098846,40194800
2024-03-06,130.32289123535156,132.48502936431544,129.77741176310514,132.02879338468463,35318600
2024-03-07,133.27845764160156,133.83386475709858,130.53115980204433,131.70147977631177,37738200
2024-03-08,134.30001831054688,136.95804250148979,132.90157275617153,133.10985799917378,39370400
2024-03-11,136.54148864746094,137.95977451047298,135.01411900561908,135.01411900561908,32437800
2024-03-12,137.36468505859375,138.23747634796243,135.90673376099352,135.90673376099352,27563400
2024-03-13,138.6440887451172,139.93343524438993,137.85065871514112,137.86057129371812,23347200
2024-03-14,141.92698669433594,142.41296038062768,139.30862790840655,140.03263971476812,42753400
2024-03-15,140.022705078125,142.00631057950346,138.88213796831596,141.33189197321508,49475400
2024-03-18,146.46942138671875,150.9027808454485,145.96360743742733,147.39180580449582,69273700
2024-03-19,145.8247528076172,147.57032014783982,144.882543249734,146.9454947247472,24070400
2024-03-20,147.52073669433594,147.639748173652,145.53713132595888,146.78679725990156,21311500
2024-03-21,146.39007568359375,149.13735809948852,145.69580172878864,148.24474177717806,24755600
2024-03-22,149.53411865234375,150.33747653257558,147.7587830911578,147.8976348836212,29211800
2024-03-25,148.83984375,149.14730017654827,146.60828759558476,148.71090455162476,19229300
2024-03-26,149.43492126464844,151.011884033954,148.7505749332153,148.98861304571224,22149100
2024-03-27,149.63327026367188,150.3969625890798,147.679417711027,149.94072668288968,22879200
2024-03-28,149.69281005859375,150.1887115272308,148.9390452744017,149.61347914127822,24485400
2024-04-01,154.21539306640625,154.4633437185676,149.37539149343056,149.454737518167,31730800
2024-04-02,153.29302978515625,153.43188156405296,150.90278153856184,152.24172129726563,24586000
2024-04-03,153.6500701904297,153.8087622521674,151.47801988823227,152.34089851536356,24705000
2024-04-04,149.2960662841797,153.5013153792841,149.21672024838048,152.2417216532487,34724700
2024-04-05,151.2499237060547,152.1623804461379,148.37370170217739,148.80016963270904,23459200
2024-04-08,153.58067321777344,153.9972285874499,151.35902944578888,151.52763410967862,20702000
2024-04-09,155.31629943847656,157.2602241375123,153.91785408433802,154.81047040663094,31079500
2024-04-10,154.86007690429688,155.3262253958283,153.41203826670193,154.9295103592396,22838600
2024-04-11,158.10330200195312,158.37107788543062,155.17748650921038,155.62379478205062,27166400
2024-04-12,156.43704223632812,158.90663651169768,155.85188225072014,156.66516776322655,25353700
2024-04-15,153.59059143066406,157.93469279815042,153.3228004211546,157.5578028687453,27136500
2024-04-16,153.1343231201172,154.3740764327273,152.17227333883514,152.92605303847483,20779500
2024-04-17,154.19557189941406,155.7923749027095,153.3128680735991,154.3443362556772,21763100
2024-04-18,154.7311248779297,155.65350920539763,153.35251980958253,154.0666189232005,19883000
2024-04-19,152.8268585205078,155.07825465285381,151.051538530931,154.9195626052641,32615600
2024-04-22,154.9989471435547,156.34779961582007,152.79714362068458,153.04509433151492,26446200
2024-04-23,156.9626922607422,157.66687884737183,154.99892712206798,155.67336083793805,21151600
2024-04-24,157.8256072998047,158.2620030164986,155.88166687099877,156.19905107721684,22779100
2024-04-25,154.7212371826172,155.2072260039545,149.63328396324783,150.08951991120836,57109700
2024-04-26,170.5404815673828,173.27786687075127,168.2593321924788,172.94064243070838,64665300
2024-04-29,164.7880096435547,168.16014784427256,163.85572783432124,167.6741590817137,45610000
2024-04-30,161.44564819335938,166.7220460143007,161.26713096501757,164.25245175294467,33562900
2024-05-01,162.51678466796875,165.75005589531395,161.75309238141418,162.95318026028562,33493200
2024-05-02,165.25416564941406,165.36326455481128,162.54654844018515,163.43916484164697,24294500
2024-05-03,165.86911010742188,166.5832093530068,161.71345384411,166.18647914228734,34662400
2024-05-06,166.72207641601562,166.7617418738661,164.66903711346148,166.08732315442762,21871300
2024-05-07,169.84620666503906,170.35202057689946,167.00965043305126,167.11874933173186,28039700
2024-05-08,167.99156188964844,168.75523914384442,167.35680870759575,167.61467198559197,19569100
2024-05-09,168.56678771972656,169.29079942824308,166.80136505178498,168.00145293610282,15346700
2024-05-10,167.26751708984375,168.45769242107335,164.82769095498062,166.65260426676096,29799900
2024-05-13,167.75352478027344,167.89237656675422,162.65565899989346,162.9135222794407,31327600
2024-05-14,168.94369506835938,169.84623930052865,167.41632532705881,168.37837530926814,25127100
2024-05-15,171.09591674804688,171.2347685518774,169.1123109026329,169.23133754428162,26948400
2024-05-16,172.752197265625,173.68449428030138,171.27442084056955,171.86949341563104,27867900
2024-05-17,174.61679077148438,174.8250760090424,172.2662230829347,172.75219674772163,24479300
2024-05-20,175.46975708007812,177.30459839219796,174.63664632446375,174.7457452424878,22554400
2024-05-21,176.3921356201172,176.68966435582567,174.36884941504044,175.44991084467418,16989400
2024-05-22,174.93417358398438,175.69785080388766,173.77376618454468,175.19203685040134,17880000
2024-05-23,172.12738037109375,176.78885054238378,171.53229263275466,175.61853049301604,21024900
2024-05-24,173.55555725097656,174.32916213437795,172.22653015180546,173.54562953855606,16579400
2024-05-28,174.95399475097656,175.8168734132129,172.94063642860604,173.01998246270298,20572200
2024-05-29,174.45809936523438,175.39039638067896,173.28777937305267,173.99195085751208,23388700
2024-05-30,170.69918823242188,173.78369568525272,170.381804057889,173.7638553909168,22931500
2024-05-31,171.08596801757812,171.6413751155462,168.05105413674661,170.4512148865134,37638900
2024-06-03,171.75047302246094,173.09932530985793,169.75695502874458,171.12563247401937,27459100
2024-06-04,172.36538696289062,172.42490783803038,170.48096786025872,171.85957302701576,26879600
2024-06-05,173.97213745117188,175.20196327061797,172.5042583714889,173.76385219874723,22068500
2024-06-06,175.2812957763672,175.6978511153371,174.30933331877074,174.4580976777925,23251000
2024-06-07,173.02992248535156,176.4119585188029,172.8712304058679,175.59868809544102,19661400
2024-06-10,173.7746124267578,175.81014466476933,171.54049500356726,173.7349014501534,23726700
2024-06-11,175.3732452392578,175.59169348463175,172.54337230776866,174.97607487552963,21540600
2024-06-12,176.53497314453125,179.1364888587314,174.86683954251944,176.99173266950717,27864700
2024-06-13,173.92356872558594,175.49241749987627,173.64554642645388,174.86685975128964,20913300
2024-06-14,175.54202270507812,175.81012100207897,172.92065922072638,172.99017235927624,18063600
2024-06-17,175.98887634277344,177.10096546528717,173.57602172386774,174.2214424940307,19618500
2024-06-18,173.8540496826172,176.13781719186318,172.87104771224654,175.88958192240335,21869900
2024-06-20,175.05551147460938,176.03851342488448,173.7547611134038,174.13206841253606,20160100
2024-06-21,178.3620147705078,179.57340412547137,175.36332840403423,175.75057482727152,57759000
2024-06-24,177.95489501953125,179.61310474396652,177.40877441541713,178.88826202454848,18298000
2024-06-25,182.73092651367188,182.98908571292054,178.15346801046124,178.35205317535076,23130200
2024-06-26,182.58200073242188,183.20754327614856,181.19187420519867,181.3408244497642,19839000
2024-06-27,184.1011962890625,184.7366779293804,182.72100889129027,182.8798679380617,18848900
2024-06-28,180.86419677734375,183.8231718610113,180.6755507145743,183.0188920765721,29156600
2024-07-01,181.6982879638672,182.58200489120532,180.02021516731907,181.7379989393426,16006100
2024-07-02,183.93240356445312,184.2600759255339,180.27837266146466,180.7649192250836,17372500
2024-07-03,184.50831604003906,184.77639921891327,182.7011560285435,183.54516199454144,10242100
2024-07-05,189.2545623779297,189.5127215858847,184.48844250446135,184.54801654082962,20967500
2024-07-08,187.6956329345703,188.82758504993222,186.45445670495957,188.55948674203475,21035900
2024-07-09,187.64598083496094,190.00918519904204,187.38782163636898,188.9665941471782,15121400
2024-07-10,189.83045959472656,190.3964432565855,187.69564243220248,187.8147905079295,15952500
2024-07-11,184.26007080078125,189.51272208583228,183.77352425069444,188.5098571184734,25625800
2024-07-12,183.76364135742188,185.78923480729796,183.18773362385886,183.77356531536785,22898400
2024-07-15,185.2133026123047,186.9112385638258,183.61466683145176,183.61466683145176,16474000
2024-07-16,182.6217041015625,187.3480977347005,182.07558352972123,186.03742351335848,18290700
2024-07-17,179.7421875,182.2543270659603,178.63008325599765,181.67841945681636,20734100
2024-07-18,176.43569946289062,181.21174353968178,175.22431015700485,180.64575986268414,25315700
2024-07-19,176.40591430664062,179.01733902058587,175.87965675110726,177.61730362532302,18881900
2024-07-22,180.38758850097656,181.41031651236526,178.95775104592673,179.3152104096892,24100300
2024-07-23,180.50672912597656,182.31388893241848,180.25849388780003,180.76490347036915,36352700
2024-07-24,171.41140747070312,174.9462749610045,170.60712769523397,172.37456144038464,49585200
2024-07-25,166.09918212890625,172.19583973492487,166.0098210682456,171.30219882616154,44852000
2024-07-26,165.82115173339844,166.90345381803442,162.90190268589552,165.97008682721892,41336900
2024-07-29,168.3332977294922,169.22693862858085,166.80417515412134,167.63824201341453,20293800
2024-07-30,169.0879364013672,170.02130347692145,167.25100442280618,169.0383014663059,18959700
2024-07-31,170.32911682128906,173.01999398241156,168.80991808621278,172.01712888344443,25729100
2024-08-01,169.5546112060547,172.82139580223534,167.6878923021726,169.0482167160951,24531400
2024-08-02,165.48355102539062,167.32048278839775,163.50759297707282,165.26510279286998,29130100
2024-08-05,158.12586975097656,163.26929736266635,153.8363569379613,154.40234063596142,53630700
2024-08-06,157.17263793945312,159.43655755600886,155.3059189992834,158.2053051541738,49004600
2024-08-07,157.8180389404297,161.82951376084208,157.3513554761563,160.11173013870962,25138600
2024-08-08,160.88623046875,162.5345161798724,159.07908571101373,159.37695589283805,25578800
2024-08-09,162.51466369628906,162.63381177677473,157.93720474099763,158.88049573069213,28602300
2024-08-12,161.1444091796875,163.73598613275442,160.6975887017958,163.1898806325975,15895300
2024-08-13,163.0011749267578,163.5671433374019,161.819572881267,162.2564692830695,18551700
2024-08-14,159.23794555664062,162.06783350679044,156.5967339743886,161.25361460284537,40591100
2024-08-15,160.16140747070312,160.49900381900557,158.48333453503372,159.36705153563673,31524300
2024-08-16,161.8096923828125,163.89485965448893,159.99260830608642,160.3302046522989,24208600
2024-08-19,165.49349975585938,165.51336282117407,163.10050794660387,164.11331216253947,22416200
2024-08-20,165.99986267089844,167.4495631411608,165.64241846979237,165.72184041376482,18341500
2024-08-21,164.6792755126953,165.67221654044488,163.50759722139043,163.98420467240848,22902000
2024-08-22,162.6437530517578,166.4069931043409,162.15720646482643,166.07932072756,22493300
2024-08-23,164.45091247558594,165.0069571091441,162.67355443967108,163.5572714789503,13955700
2024-08-26,164.98709106445312,166.36727853932712,163.29909428347517,165.20553931092914,14190400
2024-08-27,163.51751708984375,165.26510295168842,163.29908400819048,164.66933228950003,11821900
2024-08-28,161.70046997070312,164.43105809322844,160.3897803993729,163.8749983304621,16407400
2024-08-29,160.6380157470703,164.7984415304893,159.11881702129344,163.15015560870546,19699800
2024-08-30,162.22671508789062,162.50473737235887,160.54864227379994,161.472070186267,22123800
2024-09-03,156.24920654296875,160.70751737773818,155.37541355771157,160.57843019098567,38945300
2024-09-04,155.34564208984375,157.87764508845953,154.8591106161364,155.5541664007753,19353800
2024-09-05,156.13006591796875,158.32445729106303,154.87895042005644,155.1966988484402,18688700
2024-09-06,149.85467529296875,156.71590221863735,149.4872919188711,156.1896446256026,37912100
2024-09-09,147.85621643066406,152.51927694187998,146.3747655212842,151.63438731483413,39260500
2024-09-10,147.8064727783203,150.40148807942415,147.4883027750186,149.58618882434916,31118800
2024-09-11,150.29212951660156,150.63017379029483,146.67302891819028,149.0592434246133,29607700
2024-09-12,153.80186462402344,153.9311230962661,151.77356859256676,152.91697508053775,29621500
2024-09-13,156.55596923828125,157.47068534964538,154.318887339598,154.53761027887018,29591200
2024-09-16,157.1525115966797,157.3414231577179,155.7009025392383,156.4068176480649,18379800
2024-09-17,158.40528869628906,159.628222536102,157.47068317745328,158.107008079676,20715600
2024-09-18,158.89247131347656,159.57851220454893,157.68942685128602,158.9421872798641,23677300
2024-09-19,161.20909118652344,162.8496118323656,160.41368126049775,162.77008449382728,26587700
2024-09-20,162.65077209472656,162.78996770160265,161.1295575441582,162.5612924555598,40896400
2024-09-23,160.92076110839844,164.53986181971814,160.74178667068307,163.40640761812853,24150900
2024-09-24,161.3582305908203,162.28289902982328,159.7674258440889,162.09398745781283,23332100
2024-09-25,160.56283569335938,161.87524922923666,160.37392412147798,160.5429462723237,18869200
2024-09-26,161.79571533203125,163.13797065652983,161.34830194759303,162.70049439754706,20319300
2024-09-27,163.0087127685547,164.74866551423864,161.69629915796872,161.87525844392792,21101300
2024-09-30,164.89781188964844,165.19607736347226,162.32267031989335,162.38233858584195,20413900
2024-10-01,166.03125,168.18878935347016,163.63508311957565,166.72722798963838,28338100
2024-10-02,164.90773010253906,166.55820300060364,163.78421304270756,165.46451248473383,17760200
2024-10-03,164.90773010253906,165.6832505879078,162.9788660133771,163.46605818338855,15073100
2024-10-04,166.100830078125,167.26411075507784,164.52989975669306,167.0950886229922,19047400
2024-10-07,162.04428100585938,167.5127039344141,161.81560574950586,166.7570727731855,22463100
2024-10-08,163.43621826171875,163.7841996365162,161.9348782063516,162.99874209117948,23072700
2024-10-09,160.9307098388672,163.89359644421285,158.8228863013817,162.5115774919813,31181800
2024-10-10,161.14944458007812,162.13376610989224,159.4790821511072,159.94638493252756,14144100
2024-10-11,162.30279541015625,162.9589946210884,160.31427801309022,161.19916764793726,15344300
2024-10-14,164.01292419433594,165.27562183830673,162.4618678561569,162.7004954092269,19016100
2024-10-15,164.51004028320312,166.71728049354707,163.68480379630955,164.83813228183462,20247200
2024-10-16,164.21177673339844,164.84810171857748,162.79993114663196,163.58538887396847,16406000
2024-10-17,161.9945526123047,165.4148047545223,161.82553046438127,164.77847983302945,21453400
2024-10-18,162.48175048828125,163.76435267205474,162.14370618061358,162.25307524146882,19757700
2024-10-21,163.12803649902344,163.5555604691452,161.6863492090046,162.01445640921125,20946500
2024-10-22,164.1918487548828,164.81823646722327,162.0442467450133,162.0442467450133,16568100
2024-10-23,161.84542846679688,164.86798338254357,161.00030251118483,163.81405642655295,18280500
2024-10-24,161.78575134277344,162.3922496608961,160.08556255879625,161.89512038935888,22412500
2024-10-25,164.32113647460938,164.63929136354844,162.48175184608664,162.7303165163636,19828900
2024-10-28,165.76280212402344,167.78114595500233,163.00870143582344,167.78114595500233,32138600
2024-10-29,168.705810546875,169.4018037804766,166.1306841303376,166.76700909757434,42169000
2024-10-30,173.45835876464844,180.9749512117023,173.06064622942904,179.6426331826948,68890800
2024-10-31,170.1276092529297,175.8048331883122,170.01824018748218,172.1360161042455,44769000
2024-11-01,170.30653381347656,171.33063403813247,167.91038233009985,169.09355238654865,31796500
2024-11-04,168.26834106445312,169.7497767581588,167.04539198951443,168.95436679599575,21492700
2024-11-05,168.7654571533203,169.55091475770118,167.87061532690117,168.45722424913848,18242100
2024-11-06,175.49658203125,175.92412112315387,172.50386907265272,172.80214969030013,33695500
2024-11-07,179.71226501464844,180.04037221530027,176.17270637176324,176.39144450553113,25352900
2024-11-08,177.32603454589844,179.86138194143007,177.05758046511664,179.6128172813832,22006200
2024-11-11,179.31455993652344,179.5134086393181,177.44534875364968,177.5547178158643,17450400
2024-11-12,180.57723999023438,181.44225527864106,178.3600475857902,178.78758666786376,25134900
2024-11-13,177.85299682617188,179.92105669289288,177.5149373462163,179.42392735486908,23184000
2024-11-14,174.5719451904297,177.79334885525918,173.3191846841435,177.25644065886235,31007500
2024-11-15,171.4996795654297,173.1402002652983,170.236966835199,172.73255057874763,32504600
2024-11-18,174.29354858398438,174.4327441914951,171.90731866370794,172.424337422112,20135300
2024-11-19,177.09732055664062,177.8430144374994,172.56350418840825,172.72258919074153,23434900
2024-11-20,174.96961975097656,176.65985629395433,172.7822539205829,176.32181201959514,18997100
2024-11-21,166.66758728027344,173.1302686962832,162.76014278127062,172.9015782767723,59734400
2024-11-22,163.81405639648438,165.5043083073982,162.95899331574788,164.8978098993039,38604600
2024-11-25,166.6874542236328,167.6618386099698,164.65917328191838,165.13641317917185,33135300
2024-11-26,168.14901733398438,168.84501052303654,166.61786569467208,166.66758166120195,20486700
2024-11-27,168.2583770751953,168.50694172289835,167.0553326761747,168.02970184723952,19266500
2024-11-29,167.97999572753906,168.4572356311654,166.20027942100947,167.53258236969043,14257200
2024-12-02,170.50540161132812,171.0920105058346,167.60216850996696,167.80101718271035,23789100
2024-12-03,170.35629272460938,171.6885958252668,169.86911564054563,170.5054406416943,22248700
2024-12-04,173.36888122558594,173.9057894087997,170.0778874212496,170.16736706139073,31615100
2024-12-05,171.64881896972656,175.04918185581036,171.3406012044101,174.35320380974355,21356200
2024-12-06,173.70692443847656,174.07479526094843,170.8732813965907,171.04230353586647,21462400
2024-12-09,174.56295776367188,175.44886145410123,172.8508718378986,173.15945800345577,25389600
2024-12-10,184.31787109375,185.502397306232,180.21683563214248,182.00855531536865,54813000
2024-12-11,194.5007781982422,194.70981847741263,183.99934063524287,184.4572152451297,67894100
2024-12-12,191.07662963867188,194.28179760891206,190.8277801088796,194.10263323797517,34817500
2024-12-13,188.94647216796875,191.84306905787375,188.7672926142497,190.13098313311997,25143500
2024-12-16,195.75498962402344,198.08421748080238,191.733572884141,191.98242240358925,44934900
2024-12-17,194.5207061767578,200.4930951236226,194.08272855714978,196.34228662818003,43504000
2024-12-18,187.5330047607422,196.09343489769404,186.87605352724106,194.3216274116736,34166100
2024-12-19,187.6425018310547,192.14170577082706,187.51311039837418,190.74815442108678,32265200
2024-12-20,190.52914428710938,192.00232914747002,184.3676279309519,184.925048408463,63462900
2024-12-23,193.7343292236328,194.20216752678672,189.27493498031782,191.73356940291157,25675000
2024-12-24,195.20753479003906,195.20753479003906,192.8882552424337,193.9433748674021,10403300
2024-12-26,194.69989013671875,195.84459196860374,193.48550314170072,194.25194880473947,12046600
2024-12-27,191.8729248046875,194.42115659969988,189.77263428806026,194.05284898883724,18891400
2024-12-30,190.3599395751953,191.66390866604786,188.24968525874627,188.9265638700057,14264700
2024-12-31,188.42884826660156,191.07661064566062,187.64247532502426,190.20065552751936,17466900
2025-01-02,188.55825805664062,191.11643850843902,186.63714698089748,189.7726449747486,20370800
2025-01-03,190.90740966796875,192.32088844513342,189.10574139792004,190.48934425629204,18596200
2025-01-06,195.96401977539062,197.30781329054136,192.9579284385956,193.08731986382298,29563600
2025-01-07,194.5903778076172,200.07501580789895,193.70447411630906,196.2029178508013,26487200
2025-01-08,193.0574493408203,195.38667713957392,191.49468229567276,191.68381035591298,24864800
2025-01-10,191.15625,195.61564455345277,189.4342154897214,193.40585949210492,26665200
2025-01-13,190.1309814453125,190.3001972959748,186.49778453538255,189.19532001022134,21823700
2025-01-14,188.78720092773438,191.09651654383717,187.44340746260227,190.3599316953501,17174900
2025-01-15,194.65011596679688,195.45638605757955,190.97709427450172,192.20142977574318,21776000
2025-01-16,192.02224731445312,194.58041248274841,191.92270143099617,193.2465827004133,17815400
2025-01-17,195.0980224609375,196.32235783888785,192.85837679493184,195.6255822249555,27735100
2025-01-21,197.13861083984375,201.3590893649602,196.95943127097462,198.1539212272468,29971300
2025-01-22,197.45713806152344,199.5574288922106,196.6210072103629,198.14396525660933,26200600
2025-01-23,197.0689239501953,199.3782549776066,194.30171827365388,197.22819130144518,26951400
2025-01-24,199.2886505126953,199.97546240962188,197.08881413658432,197.18836001713137,23877500
2025-01-27,190.92730712890625,195.97398278636885,189.85227535828872,191.5245520643281,41728900
2025-01-28,194.4012451171875,194.58040947836048,189.80249572901596,191.86297701391987,24157900
2025-01-29,194.5107421875,195.88438120776217,192.5398430560715,194.66004582386458,18218300
2025-01-30,199.94561767578125,200.47317747002577,196.76034669489817,197.08882990069444,24354700
2025-01-31,203.0811309814453,204.5344037474068,200.87134591508243,201.0704225036096,32001100
2025-02-03,200.303955078125,202.8123625387659,199.17916555521708,199.76644678798675,27838300
2025-02-04,205.43028259277344,206.09719755510824,201.8767037764101,202.4540365472158,43856400
2025-02-05,190.44952392578125,191.86298743209488,187.16470709545553,190.19072588273337,70373900
2025-02-06,190.71827697753906,191.21597601434,187.85152566522362,188.62793494754752,29297400
2025-02-07,184.48709106445312,190.3002126652559,182.39676404459453,190.1708212328695,49315000
2025-02-10,185.6118927001953,187.33392723255807,185.00469922620795,186.4878479252447,23105600
2025-02-11,184.46719360351562,186.07973375626966,183.43197101543439,184.17851963260873,21239500
2025-02-12,182.76504516601562,184.25814231125668,180.9932377687485,182.37684051579572,22072600
2025-02-13,185.28341674804688,185.42277188580212,182.2972222059454,183.47179995722882,21402500
2025-02-14,184.37759399414062,185.54220800020582,183.4717932262479,184.20837813225802,20448400
2025-02-18,182.92430114746094,185.10422527431422,180.90364435146645,184.74588137416617,29916700
2025-02-19,184.4174041748047,184.6065322377559,182.74512752374517,183.22292953180167,19549400
2025-02-20,183.71067810058594,184.4572267048234,181.87914917011352,183.9495791218272,20441500
2025-02-21,178.83323669433594,184.48709094071828,178.255903940123,184.29796286054517,35199200
2025-02-24,178.42510986328125,182.27729565940143,178.06676593885823,181.15250613186586,29854200
2025-02-25,174.61273193359375,177.91746089820734,173.88609557732903,177.22067008112575,41913400
2025-02-26,171.9351043701172,175.26969397988614,170.79040266509935,174.2643473971189,35431300
2025-02-27,167.7245635986328,173.75667306999136,167.1671431468142,173.18930410602178,39991000
2025-02-28,169.49636840820312,169.8248515673105,166.00252693353565,167.90372554984629,48130600
2025-03-03,166.24142456054688,172.57215683074952,165.1663928329386,171.1387811939385,40770500
2025-03-04,170.13345336914062,172.49254217135646,165.03701959982106,165.47499722472898,45388000
2025-03-05,172.22378540039062,172.98028249678805,168.2820021982634,169.73529012314535,30954900
2025-03-06,171.556884765625,174.00555581661285,169.71539203178713,169.7452527625135,28302000
2025-03-07,173.05992126464844,174.1648138078256,169.48644558654738,170.4718800246714,27385800
2025-03-10,165.2968292236328,167.87789100205225,163.12436954047675,167.6785699397653,43604000
2025-03-11,163.47315979003906,166.17380218640486,160.81238769070245,164.34016388069963,39587400
2025-03-12,166.5325469970703,167.06071434970798,162.96491596959018,166.00437964443265,28372400
2025-03-13,162.19757080078125,165.55593597038603,161.54982298434425,165.4662354123983,31756200
2025-03-14,164.9181671142578,165.91471168879448,161.88866309227078,162.70583694230132,31995900
2025-03-17,163.72230529785156,165.72536967150563,163.10445251309577,164.4597537744784,31184300
2025-03-18,160.1147918701172,163.68242275706862,156.17844440971348,163.11438513260956,42074800
2025-03-19,163.32366943359375,165.29682318848322,160.44365657902026,161.20102488744715,34275600
2025-03-20,162.23745727539062,164.32023175461748,160.4038189359583,161.0117117252994,28138500
2025-03-21,163.42335510253906,163.6724912535671,160.33406074736575,160.65296231959232,36625800
2025-03-24,167.1005859375,167.7383890591239,164.56936942432435,166.492708348571,30879100
2025-03-25,169.9706268310547,170.04039224469534,167.7383768915496,168.3960847024039,24174400
2025-03-26,164.48963928222656,169.0239199788623,164.27039826701778,168.41602720143118,28901600
2025-03-27,161.6793975830078,164.84840203770966,161.44022141043914,164.06113851285755,24508300
2025-03-28,153.79673767089844,161.26086257414812,153.09915945705842,159.93545636481977,48669300
2025-03-31,154.1056365966797,155.0025205393741,150.13939385440554,152.58092477046202,54603500
2025-04-01,156.5272674560547,157.55370717648853,153.08917642482464,153.08917642482464,30672900
2025-04-02,156.49732971191406,157.86260591341835,154.16541940835015,154.61386135810304,25041700
2025-04-03,150.19918823242188,152.25206746912303,149.87032672274708,150.58783997911712,46883400
2025-04-04,145.09689331054688,150.54799324363788,144.8776522919314,147.49855413182192,62259500
2025-04-07,146.24290466308594,152.3218321659185,140.04439668677543,141.06087632952463,76794100
2025-04-08,144.19998168945312,151.7139355045659,142.5357542501846,150.69745588802078,52200200
2025-04-09,158.16159057617188,158.99868434001036,143.41272834835817,143.9209605893895,70406200
2025-04-10,152.29193115234375,157.17499290712513,149.41190307502956,155.99906254121734,48022000
2025-04-11,156.59701538085938,157.12518279409443,152.29195068350106,152.37166086891528,33636200
2025-04-14,158.5203399658203,161.16117679260088,157.0155480479404,159.44711904636745,30333000
2025-04-15,155.76988220214844,159.09833747842598,154.6736922783896,158.58014524074957,27551500
2025-04-16,152.8001708984375,155.35132240030543,150.98645259897873,152.57096991980188,28187400
2025-04-17,150.63766479492188,154.14549035907424,147.98685287180376,153.75683862644127,33046600
2025-04-21,147.15972900390625,148.43530478654532,145.59516199807078,148.36555457655837,26049100
2025-04-22,150.94659423828125,151.66410748339032,148.02671099242252,148.37550764431742,26971800
2025-04-23,154.81320190429688,156.98566172409713,153.27851478210604,155.07229801307963,31128800
2025-04-24,158.7296142578125,159.03854063446718,155.2516683139833,155.6104249592094,45894000
2025-04-25,161.40036010742188,165.52605388757996,160.4835257508864,164.49961422965615,56034000
2025-04-28,160.0550079345703,162.58622419769722,158.05195902405725,161.86871096281394,29745800
2025-04-29,159.60658264160156,160.18458031932272,156.97570557414937,159.76603342291708,26809000
2025-04-30,158.25128173828125,158.71965890557001,154.86302105563792,157.43410788690483,34981100
2025-05-01,160.7426300048828,161.39037784388623,158.36088927125815,159.8955611021286,30203200
2025-05-02,163.46319580078125,164.39995007912242,161.3106559960053,162.84534306658284,25715000
2025-05-05,163.642578125,164.81849332954616,162.15772135408076,162.436752596043,21341800
2025-05-06,162.6659698486328,164.23055216038995,160.63302556719455,161.60963501178307,21277200
2025-05-07,150.85690307617188,164.4298335624806,147.32912722252786,163.5130144970414,127490100
2025-05-08,153.7469024658203,155.3911950032793,152.37166602688535,154.464415807346,57498700
2025-05-09,152.22216796875,154.51422329361623,151.674065468403,153.63725929306102,32435300
2025-05-12,157.91244506835938,158.55023292762746,155.7100750758197,156.94579570580373,44138800
2025-05-13,158.978759765625,160.0151746711756,155.62040930962155,158.24131128306263,42382100
2025-05-14,164.79856872558594,166.4229412214118,159.0584775444673,159.4072742222668,48755900
2025-05-15,163.39344787597656,165.6356730691148,161.80893051621783,165.26694125278715,33146700
2025-05-16,165.61572265625,168.76480673115492,165.04768502743337,167.15039440077075,42846900
2025-05-19,165.96450805664062,166.06416858529283,163.65253281131433,163.94152401470697,30426100
2025-05-20,163.41336059570312,167.91774593119885,162.337090725838,165.8548915457752,46607700
2025-05-21,167.97755432128906,172.54173038625467,162.99483135159699,163.12438701474937,73416000
2025-05-22,170.27955627441406,176.15917803179707,170.12012070875053,171.25618084668935,74864400
2025-05-23,167.8878631591797,169.37272002705043,167.30986548992928,168.47582079984258,35211400
2025-05-27,172.3025360107422,172.5716072803838,169.41256307598843,169.5720138436325,37995700
2025-05-28,171.76441955566406,174.66436785084326,171.31597754856884,172.56165823831284,34784000
2025-05-29,171.26614379882812,173.81729536660228,170.04039828273065,173.39874848808273,29317300
2025-05-30,171.1465606689453,171.61493780799663,166.86141620850907,170.75790891590938,52639900
2025-06-02,168.4459228515625,169.28301661805224,166.81159040962694,167.26003241267054,38612300
2025-06-03,165.6057586669922,167.89781407143477,164.70887469424017,166.91124474262,45084900
2025-06-04,167.4693145751953,167.63872532387313,165.78515185366567,166.1638436483944,26900800
2025-06-05,167.62876892089844,170.33935616350743,167.01090094696792,169.75139851627495,36379100
2025-06-06,173.07984924316406,173.897023068816,170.239706414102,170.239706414102,35731800
2025-06-09,175.69395446777344,176.07310468622353,173.97782168090652,174.14743750903665,28935900
2025-06-10,178.19833374023438,180.70268325607967,174.5166301339373,175.80372221831115,61766100
2025-06-11,176.95114135742188,179.96433833777158,176.352484683136,179.36569688795734,31646800
2025-06-12,175.30482482910156,176.32253497944023,174.3569645474145,175.7837409838909,20941900
2025-06-13,174.27716064453125,176.73163473712606,172.00228964381978,172.05218023736916,27663100
2025-06-16,176.3724365234375,176.5420523549515,174.25719419482596,174.33701609632743,27389200
2025-06-17,175.5542755126953,176.96110799729416,174.1873615915514,175.30483777675101,24973000
2025-06-18,172.93020629882812,176.16290971424257,172.81046582918458,175.6141436330853,28707500
2025-06-20,166.26522827148438,173.94790803011588,165.08788938336605,173.55878574385125,75659900
2025-06-23,164.81846618652344,166.96362443515676,161.63563852290417,165.89603893694584,57671000
2025-06-24,166.3949432373047,167.84167918331357,165.75638318822968,166.5445998017471,40524300
2025-06-25,170.29612731933594,171.97235685648238,167.17317715297744,167.25299905707695,35479000
2025-06-26,173.1497039794922,173.29937576602373,169.5578094698184,172.0421997468365,31796700
2025-06-27,178.12847900390625,178.27813555923768,171.3437693802371,173.14969619543672,108140200
2025-06-30,175.83363342285156,180.82238782578247,174.18735055967244,180.37340297441276,63378900
2025-07-01,175.44451904296875,175.6939567742825,173.139716841545,175.3447530851258,35904500
2025-07-02,178.23822021484375,178.4577266308603,174.67625741761273,175.14518633422566,29128900
2025-07-03,179.126220703125,179.265905222364,176.65180269468908,178.09853847776557,21689700
2025-07-07,176.3923797607422,178.89674433224096,175.28487562232132,178.65727862884938,34175600
2025-07-08,173.9678497314453,177.54977185383785,172.42133277200756,177.4500058972594,40442500
2025-07-09,176.22276306152344,179.03642797074187,172.38143114455036,174.85584916951822,43025600
2025-07-10,177.22052001953125,178.02869585837095,173.98781666417247,175.2350053597822,29252400
2025-07-11,179.78475952148438,181.02196104807066,176.08309652221448,176.39239690386106,34282900
2025-07-14,181.1516571044922,183.2569121837853,179.27588047712075,180.60289104600895,32536600
2025-07-15,181.59066772460938,183.80567598843865,181.1915734457722,182.3988435351607,33448300
2025-07-16,182.55850219726562,183.91544417003013,181.62061381873355,182.82789923086935,33104200
2025-07-17,183.1671142578125,183.64603043273615,180.07408034072432,181.73035050857078,31992600
2025-07-18,184.643798828125,186.00074080595235,183.2968441040249,184.9830305164638,34014500
2025-07-21,189.67247009277344,189.86202999312056,185.73134148599024,185.83112267520195,45803100
2025-07-22,190.90966796875,191.21896833519165,187.03840453704987,191.0693117786785,44660200
2025-07-23,189.8021697998047,192.09700016081177,188.75452819755446,191.06931784155387,58681900
2025-07-24,191.73777770996094,197.5047763656739,190.57041105035847,196.5868474168703,74881700
2025-07-25,192.74551391601562,193.8929365997576,190.82983399147875,191.54821586623893,39785900
2025-07-28,192.14686584472656,193.61356085282932,190.41077383680673,193.21445136708732,38139500
2025-07-29,195.30975341796875,195.47936925683575,191.64800916549822,191.99721287217557,41389200
2025-07-30,196.08799743652344,197.155598285003,194.2521393007246,195.1600963397073,32445400
2025-07-31,191.46839904785156,195.54921195775628,190.66022322341527,195.26984291287636,51329200
2025-08-01,188.7046356201172,190.40080913246982,187.39758435603645,188.6048544387261,34832200
2025-08-04,194.60133361816406,194.830827292421,189.69240089649873,189.86201672672937,31547400
2025-08-05,194.23216247558594,197.41499022677854,193.45391800516853,194.27208103659058,31602300
2025-08-06,195.64898681640625,196.18778087351924,193.23443126184418,194.0625664055758,21562900
2025-08-07,196.07801818847656,197.09571318148866,193.8929412029117,196.6167969951023,26321800
2025-08-08,200.9669952392578,202.15432130991044,196.72655368662487,196.7764442791972,39161800
2025-08-11,200.54794311523438,201.02685931355308,198.62229106869012,200.48808049350347,25832400
2025-08-12,202.88267517089844,204.04006993048975,200.1388600495838,200.91710457512625,30397900
2025-08-13,201.5057830810547,204.06999503609887,197.06577929471834,203.6709007567403,28342900
2025-08-14,202.48358154296875,203.98020797768137,200.77742070862897,201.0468177297292,25230400
2025-08-15,203.44140625,205.97570210941166,200.82730371462006,203.39153088363753,34931400
2025-08-18,203.0423126220703,204.80833601681928,202.0345896716843,203.74073522255918,18526600
2025-08-19,201.11666870117188,202.98245812812408,199.51028904350812,202.57337657986534,24240200
2025-08-20,198.87171936035156,200.82730262485018,196.15783565803162,200.27853657760338,28955500
2025-08-21,199.30075073242188,202.02460654215824,198.9814631231269,199.30075073242188,19774600
2025-08-22,205.62649536132812,208.07098221204853,200.8472748764244,202.27405146693474,42827000
2025-08-25,208.02108764648438,210.046520726557,204.8183006045268,205.96570803332725,29928900
2025-08-26,206.6741180419922,207.38252787024734,205.23735432936843,207.04328099820484,28464100
2025-08-27,207.01336669921875,208.4401585010209,205.18748059977113,205.2373711930947,23022900
2025-08-28,211.16400146484375,211.74269881815906,206.43465668224866,206.7838755896793,32339300
2025-08-29,212.43116760253906,214.16724458693432,209.72725571237183,210.0365560843286,39728400
2025-09-02,210.8746795654297,211.20392399730977,205.73625278986853,207.9712205067108,47523000
2025-09-03,230.14125061035156,230.78978267421618,224.28444185471682,225.70126168023373,103336100
2025-09-04,231.7775421142578,231.84737676203946,225.60146147412655,229.13349303754427,51684200
2025-09-05,234.4714813232422,235.22976659054154,231.37844718195538,231.677775522156,46588900
2025-09-08,233.72247314453125,237.8069358559837,233.3529799966882,235.15054099905157,32474700
2025-09-09,239.30490112304688,240.14375784585562,232.91357479962468,233.85230194861487,38061000
2025-09-10,238.84552001953125,241.33214736167037,237.5273187664355,238.5758820575914,35141100
2025-09-11,240.0438995361328,241.9213539288796,235.92949376965038,239.55457404217233,30599300
2025-09-12,240.4733123779297,241.75157459718335,237.67710805902945,240.04388783032,26771600
2025-09-15,251.26864624023438,252.06756394348793,244.32807821701437,244.32807821701437,58383800
2025-09-16,250.8192596435547,252.696698721273,249.13154999644232,251.73800966841424,34109700
2025-09-17,249.19146728515625,251.25866627901078,245.94587648389523,250.87917693990602,34108000
2025-09-18,251.68807983398438,253.64542748570952,249.46110945180462,251.338548569648,31239500
2025-09-19,254.3744354248047,255.65269769422878,251.4683796180924,252.90642848071656,55571400
2025-09-22,252.18740844726562,255.4329993925613,249.96043800377367,254.08482475081846,32290500
2025-09-23,251.31858825683594,254.01492224497756,250.1401811840686,252.69670571321294,26628000
2025-09-24,246.80471801757812,252.00765659919705,246.1056707170572,251.31859024650916,28201000
2025-09-25,245.45652770996094,246.15559020390248,240.41339128252798,244.0684141454478,31020400
2025-09-26,246.2055206298828,249.08161830530747,245.63630185383965,246.73481561544992,18503200
2025-09-29,243.71890258789062,250.80926093832198,242.4406403715287,247.51375020937843,32505800
2025-09-30,242.77020263671875,242.9599320717839,238.92541967317948,242.48058753408858,34724300
2025-10-01,244.5677490234375,245.96585884887978,238.2862890899911,240.42338523813993,31658200
2025-10-02,245.356689453125,246.4751651396655,241.97128907367482,244.8174135056227,25483300
2025-10-03,245.0171356201172,245.96584369150784,241.33213946713911,244.15830178707057,30249600
2025-10-06,250.09024047851562,250.97904766602093,244.24818617214953,244.44791178946252,28894700
2025-10-07,245.42657470703125,250.1002333278666,245.18691006468788,247.93317917084852,23181300
2025-10-08,244.2881317138672,245.67624536262252,243.48922922331397,244.62768203424937,21307100
2025-10-09,241.2023162841797,244.42792989328805,238.82554034163272,244.13833003954065,27892100
2025-10-10,236.24905395507812,243.75884063652228,235.52003337107624,241.10244578834048,33180300
2025-10-13,243.8187713623047,244.16830263513637,239.38480762364867,239.8841293059291,24995000
2025-10-14,245.11700439453125,246.78473694130554,240.18370386409978,240.9027282868883,22111600
2025-10-15,250.68943786621094,251.76797450819856,245.6562821083569,246.91456723829836,27007700
2025-10-16,251.1188507080078,256.6113736152233,249.76069521164578,251.42842769264908,27997200
2025-10-17,252.95635986328125,253.87510990312921,247.4738024671156,250.41979725844868,29671600
2025-10-20,256.2019348144531,256.98087539491434,253.88509020638818,254.3444728441902,22350200
2025-10-21,250.12020874023438,254.53421031738455,243.81875668908756,254.39440086428343,47312100
2025-10-22,251.34854125976562,256.01218852739623,248.95178813355238,254.02489806023604,35029400
2025-10-23,252.7366485595703,254.69398089708358,251.50832156545113,252.6367781341903,19901400
2025-10-24,259.5674133300781,261.32500504033385,254.97364746401067,256.23191746004557,28655100
2025-10-27,268.9046630859375,269.7735083332291,263.92144290721717,264.4607188078389,35235200
2025-10-28,267.1071472167969,270.3627344019799,266.1384619149823,269.3241367489819,29738600
2025-10-29,274.197509765625,274.96645416764926,267.3068768000952,267.38675485794886,43580300
2025-10-30,281.09814453125,291.1944142933695,279.6800575475708,291.1944142933695,74876000
2025-10-31,280.80853271484375,285.6120049046921,276.6541726227251,282.8257813584811,39267900
2025-11-03,283.3350830078125,285.14262497278366,279.42038779718166,281.797163766903,29786000
2025-11-04,277.1634826660156,280.88840284028174,275.88522040271835,276.3745458896769,30078400
2025-11-05,283.9242858886719,286.03143918614273,276.96374058170124,278.4916636746374,31010300
2025-11-06,284.36370849609375,287.9588308357049,280.7586204462715,284.9429082592804,37173600
2025-11-07,278.4516906738281,283.39498707048995,274.816645004158,282.82575309004056,34479600
2025-11-10,289.7064208984375,290.40545290698407,282.47622284552773,284.03413439651047,29557300
2025-11-11,290.9147644042969,291.5239526379353,286.9301875660949,287.3595968518003,19842100
2025-11-12,286.3210144042969,291.613842224268,283.30512258449664,291.2842728658537,24829900
2025-11-13,278.19207763671875,282.45627365196606,276.8638649512614,281.9569519907634,29494000
2025-11-14,276.0350036621094,278.1820807042813,270.3327588398133,271.04178706348836,31647200
2025-11-17,284.63330078125,293.55120856159544,283.1852862901624,285.392279437324,52670200
2025-11-18,283.8943176269531,288.4081743957296,277.8225797399186,287.52939388700526,49158700
2025-11-19,292.4127502441406,303.39782684502376,286.2411417953812,286.77042153983126,68198900
2025-11-20,289.05731201171875,306.0042898345543,288.2783714658303,304.1268355762142,62025200
2025-11-21,299.2534484863281,303.50767860502685,293.4513334764558,296.0178540164301,74137700
2025-11-24,318.14776611328125,319.0465694557707,309.17996886834777,310.70789188393536,85165100
2025-11-25,323.0011901855469,328.3838617048627,317.2190369667809,325.767421144808,88632100
2025-11-26,319.5159606933594,324.0597758686898,316.36024396458464,320.2449508538883,51373400
2025-11-28,319.74560546875,326.40656970987055,316.3602205188893,322.9312800436979,26018600
2025-12-01,314.4627990722656,319.41606123931075,313.46415578589995,317.26898426885936,41183000
2025-12-02,315.38153076171875,317.948051296999,313.4841146313127,316.3102616947243,35854700
2025-12-03,319.1963806152344,321.14371687287894,313.67388407801036,315.4614642178001,41838300
2025-12-04,317.1890869140625,321.92264650582644,314.27306548179905,321.7928484740126,31240900
2025-12-05,320.8341064453125,322.72155681925386,318.73697999805336,319.05652267664885,28851700
2025-12-08,313.49932861328125,320.21460294317257,311.0010871288888,319.82486263347363,33909400
2025-12-09,316.85693359375,317.7662971049956,311.6805848338384,312.15025542764414,30194000
2025-12-10,319.9847412109375,321.0839735202244,314.45863248382005,315.6078174223929,33428900
2025-12-11,312.210205078125,320.8940942947929,308.3829128168011,319.85481737290655,42353700
2025-12-12,309.07244873046875,314.6485102459599,305.34506149685063,313.47935032153816,35940200
2025-12-15,308.003173828125,311.2009348824072,304.66552711937686,311.1009991314403,29151900
2025-12-16,306.3543395996094,310.5513666605185,302.37712849550337,304.7354841263937,30585000
2025-12-17,296.5112609863281,307.87325739956634,295.9116769824828,307.7933270972379,43930400
2025-12-18,302.2472229003906,303.7461677101471,299.0195145942255,301.50775321966603,33518000
2025-12-19,306.9439392089844,307.03387224107576,300.7582909786616,301.5177661333593,59943200
2025-12-22,309.56207275390625,309.9118326328777,305.0852133945127,309.66200850448513,26429900
2025-12-23,314.1288757324219,314.7184570357758,309.1024153195162,309.41219480947996,25478700
2025-12-24,313.8690490722656,314.8583428959372,311.70059264113144,314.5485634057752,10097400
2025-12-26,313.2894592285156,314.86833429915043,312.0603135401851,314.25877806497726,10899000
2025-12-29,313.33941650390625,313.79908436732376,310.4014822754237,311.15095467052413,19621800
2025-12-30,313.6292419433594,316.72706748217655,312.24020504037514,312.28018544302313,17380900
2025-12-31,312.7798156738281,314.3586907819443,311.22091551782626,312.62992729269524,16377700
2026-01-02,314.9283142089844,322.2731502440002,310.11169732658084,316.67708324131615,32009400
2026-01-05,316.3173522949219,318.79558832967825,314.4086921415047,317.4365596004392,30195600
2026-01-06,314.1188659667969,320.71422913013345,311.5606693028291,316.17741436833177,31212100
2026-01-07,321.7535095214844,325.9205589972494,313.96898096999803,314.13884430323384,35104400
2026-01-08,325.2110595703125,330.0876314322289,321.2738288701313,328.7385750407063,31896100
2026-01-09,328.3388671875,330.5972566011106,325.5707962902668,326.8598973489763,26214200
2026-01-12,331.62652587890625,333.80501545240315,324.77136644379436,325.57079145505844,33923900
2026-01-13,335.7336730957031,340.25048265726696,333.38532003422745,334.7144015630273,33517600
2026-01-14,335.603759765625,336.2832741209541,330.2475447349911,334.8243096530742,28525600
2026-01-15,332.5458984375,337.4524480652932,330.507324974913,337.4124676651339,28442400
2026-01-16,329.7678527832031,334.4145755186536,327.46948297740045,334.1747541117482,40341600
2026-01-20,321.77349853515625,327.49947891315526,320.20459558658575,320.6442885211675,35361000
2026-01-21,328.1490173339844,332.24613943011235,319.12537039479025,320.6942733516965,35386600
2026-01-22,330.3074951171875,334.9142376434696,328.5187457270175,334.2147483456718,26253600
2026-01-23,327.6993103027344,333.45526818914374,327.21966747627397,332.25610013077164,27280000
2026-01-26,333.02557373046875,335.60374537803585,326.7699676491338,327.5793954045391,26042100
2026-01-27,334.31463623046875,337.6722883721735,333.2454121385867,335.1340666902067,21636200
2026-01-28,335.7736511230469,337.30257365930305,331.7065067534381,335.82360375323316,27434400
2026-01-29,338.0120544433594,342.0492210013424,326.3103005061971,340.06060015063264,39785600
2026-01-30,337.7622375488281,339.76083067041884,332.0562627255977,339.76083067041884,31024000
2026-02-02,343.4482421875,344.5874244246442,335.3939142353609,335.983495554882,32006100
2026-02-03,339.47100830078125,348.7544814019383,337.2325938809106,347.09564553860224,36506700
2026-02-04,332.80572509765625,343.0684894885568,328.2888852617291,342.7187296036167,70618400
2026-02-05,331.0169677734375,332.45595718246585,306.24439883874277,312.0003564748562,88205800
2026-02-06,322.63287353515625,330.147603202773,319.694969697787,326.94984200428365,56380500
2026-02-09,324.09185791015625,327.4694850607409,317.03682684844796,320.70422803551696,39640100
2026-02-10,318.3558654785156,321.4437184993816,314.38865715458337,320.7441987510988,39170000
2026-02-11,310.7412414550781,320.8341425405983,309.44216816023624,318.7456164455411,45406400
2026-02-12,308.7826232910156,316.0175203045161,306.9839017615506,311.87044586439265,47761300
2026-02-13,305.50494384765625,308.41290048065196,303.4963480144474,307.5135396808651,38499700
2026-02-17,301.8075256347656,304.22583664461854,296.04159566157676,299.82893803190484,39247600
2026-02-18,303.1166076660156,305.1651838815364,301.0380842700908,301.87748970860525,28482100
2026-02-19,302.636962890625,305.25511494304027,299.828942056139,301.6076886754516,25834400
2026-02-20,314.7584228515625,316.2773425544253,303.68620054308417,304.1059184917761,53210800
2026-02-23,311.2708740234375,319.29522413676915,309.65201848441603,318.82555353627805,31423000
2026-02-24,310.6813049316406,312.05033638585,305.71479964031533,310.3015673465962,25615600
2026-02-25,312.67987060546875,313.4193707572093,309.22231323387047,311.84046520002283,29963600
2026-02-26,307.1637878417969,312.9197459051382,302.1373272609355,312.42009761480955,36431200
2026-02-27,311.54071044921875,312.1502667227519,303.5862877430576,303.92607541564644,44640600
2026-03-02,306.3043518066406,308.27296712894787,301.088022863519,303.0166882830762,34790200
2026-03-03,303.3664245605469,303.72618716624237,296.5012623376298,298.37994467731505,35497000
2026-03-04,302.9167785644531,305.2551289128473,300.5384478137644,302.6769571429086,29536200
2026-03-05,300.6683349609375,303.08661540637286,297.78035344585857,302.82681905445145,35752300
2026-03-06,298.30999755859375,300.31859339921897,294.97235071392555,295.88171424137005,25576900
2026-03-09,306.3599853515625,306.79998779296875,294.0799865722656,294.3599853515625,29312100
2026-03-10,307.0400085449219,309.510009765625,305.57000732421875,306.1700134277344,23239700
2026-03-11,308.70001220703125,311.4200134277344,305.9200134277344,306.75,24125700
2026-03-12,303.54998779296875,308.94000244140625,301.0299987792969,306.82000732421875,24928300
2026-03-13,302.2799987792969,307.69000244140625,300.44000244140625,307.010009765625,23693100
2026-03-16,305.55999755859375,306.489990234375,303.0199890136719,304.3500061035156,23519700
2026-03-17,310.9200134277344,311.4200134277344,305.5,305.8599853515625,21955200
2026-03-18,307.69000244140625,312.4700012207031,306.92999267578125,309.2699890136719,20009800
2026-03-19,307.1300048828125,308.05999755859375,302.3500061035156,304.010009765625,25075800
2026-03-20,301.0,306.0,298.2699890136719,305.4599914550781,44364100
2026-03-23,302.05999755859375,305.9800109863281,300.92999267578125,302.1099853515625,29326900
2026-03-24,290.44000244140625,299.9200134277344,290.3299865722656,299.20001220703125,36864300
2026-03-25,290.92999267578125,296.0,289.239990234375,293.44000244140625,29460700
2026-03-26,280.9200134277344,287.95001220703125,278.5,287.9100036621094,39080600
2026-03-27,274.3399963378906,279.3699951171875,273.95001220703125,277.2799987792969,35890600
2026-03-30,273.5,277.0899963378906,272.1099853515625,276.4200134277344,35141200
2026-03-31,287.55999755859375,288.0799865722656,277.0899963378906,278.0400085449219,43875400
2026-04-01,297.3900146484375,300.5199890136719,290.4100036621094,290.8399963378906,37684500
2026-04-02,295.7699890136719,298.0799865722656,289.45001220703125,290.69000244140625,21666500
2026-04-06,299.989990234375,300.6199951171875,295.17999267578125,295.8699951171875,16945500
2026-04-07,305.4599914550781,305.6300048828125,297.7200012207031,302.7300109863281,23205400
2026-04-08,317.32000732421875,322.0799865722656,315.0199890136719,320.45001220703125,33547100
2026-04-09,318.489990234375,319.5400085449219,311.05999755859375,315.9100036621094,23739200
2026-04-10,317.239990234375,321.8299865722656,316.32000732421875,320.0199890136719,19152600
2026-04-13,321.30999755859375,321.6300048828125,315.4700012207031,317.1400146484375,18866400
2026-04-14,332.9100036621094,333.2900085449219,323.75,324.7900085449219,27721400
2026-04-15,337.1199951171875,337.4800109863281,330.8999938964844,332.8900146484375,24918800
2026-04-16,336.0199890136719,339.8800048828125,334.5199890136719,338.75,20541500
2026-04-17,341.67999267578125,342.32000732421875,336.239990234375,337.6499938964844,25581900
2026-04-20,337.4200134277344,341.3999938964844,336.6099853515625,340.760009765625,18784200
2026-04-21,332.2900085449219,339.3399963378906,331.3500061035156,337.69000244140625,23123800
2026-04-22,339.32000732421875,339.82000732421875,335.1700134277344,337.0199890136719,20293000
2026-04-23,338.8900146484375,341.9599914550781,336.17999267578125,341.17999267578125,18650300
2026-04-24,344.3999938964844,345.2699890136719,335.3900146484375,338.7300109863281,26426100
2026-04-27,350.3399963378906,353.17999267578125,342.7300109863281,345.9800109863281,28576900
2026-04-28,349.7799987792969,352.4200134277344,346.1199951171875,348.54998779296875,27824100
2026-04-29,349.94000244140625,355.7900085449219,344.2099914550781,347.57000732421875,35376300
2026-04-30,384.79998779296875,385.8399963378906,365.82000732421875,374.07000732421875,72040000
2026-05-01,385.69000244140625,386.760009765625,379.04998779296875,381.6300048828125,30105200
2026-05-04,383.25,387.3800048828125,379.7900085449219,385.6300048828125,26298600
2026-05-05,388.42999267578125,392.82000732421875,384.0199890136719,386.2300109863281,23694500
