Price,Close,High,Low,Open,Volume
Ticker,MSFT,MSFT,MSFT,MSFT,MSFT
Date,,,,,
2021-05-06,239.63084411621094,239.7555915648177,234.79466958308151,236.4834894146132,26491100
2021-05-07,242.2504119873047,244.0159980566037,241.0125719605132,241.95293622585686,27032900
2021-05-10,237.18392944335938,241.5499284512594,237.12635821135868,240.72470662857563,29299900
2021-05-11,236.2723846435547,236.6274316946523,232.7604072125957,234.66033134956947,33641600
2021-05-12,229.33474731445312,234.49718271340848,228.44236390313688,232.37654952810314,36684400
2021-05-13,233.20175170898438,235.66782673232748,231.65686027799902,232.02149758522427,29624300
2021-05-14,238.11473083496094,239.10307614273847,235.56231319136046,235.64867004930946,23901100
2021-05-17,235.26483154296875,236.6178141840923,233.67197362740927,236.57943823986372,24970200
2021-05-18,233.249755859375,236.44509117389674,233.07702751284302,236.31075341180204,20168000
2021-05-19,233.82681274414062,233.9326086171046,229.47959883359417,230.1624510972941,25739800
2021-05-20,237.05841064453125,238.47222174103342,234.53856364216657,234.63474705812368,21800700
2021-05-21,235.79844665527344,238.83766010110827,235.38489032383154,238.10671616214,21863100
2021-05-24,241.19400024414062,241.5594795417082,238.04899101242594,238.31828691309914,21411500
2021-05-25,242.0980987548828,243.08872621785105,241.2325067869294,242.14619045877527,17704300
2021-05-26,241.8769073486328,243.271478782269,241.1651882496709,241.81918849558588,17771600
2021-05-27,239.78021240234375,241.86726317029425,239.72250822888856,241.56911515709095,24426200
2021-05-28,240.13604736328125,242.44431686460024,240.0206390246495,241.40559779033563,18270200
2021-06-01,237.94320678710938,241.68451217113508,237.5200379764385,241.62680800038572,23213300
2021-06-02,237.84701538085938,239.7417137426011,236.4428170992417,238.64529057633396,19406700
2021-06-03,236.31781005859375,236.9237185044888,233.7113925974972,235.84653488909666,25307700
2021-06-04,241.20361328125,242.0307405997001,238.04899157263242,238.2894353899083,25281100
2021-06-07,244.1082000732422,244.3774959981243,240.2610986600382,240.42459870903608,23079200
2021-06-08,242.9156036376953,246.22411314134618,242.85788479009744,245.40659823560296,22455000
2021-06-09,243.89659118652344,245.76243758892673,243.53112655730328,244.10818292342645,17937600
2021-06-10,247.40701293945312,247.6186046317386,243.97348352468066,244.56977937992716,24563600
2021-06-11,248.03224182128906,248.609283510247,246.80114128203925,248.12839586874716,18999700
2021-06-14,249.95582580566406,250.01352998227475,246.98391395493297,248.04187277788913,19150500
2021-06-15,248.48419189453125,250.05188994784496,247.8301918940831,249.84029825934167,18038900
2021-06-16,247.541748046875,250.6194116030859,244.69488651031241,249.4845237170654,27220000
2021-06-17,250.9271697998047,251.74468467468952,246.22410384722616,246.28180801711895,27565500
2021-06-18,249.51336669921875,252.27365719884,248.85936651938206,249.70573350554895,37202200
2021-06-21,252.59104919433594,253.44701394017824,248.06109579519787,249.8884629766057,26696100
2021-06-22,255.36097717285156,255.63027309111683,252.36984063503186,252.67761578477896,24694100
2021-06-23,255.13014221191406,256.63050944325494,254.32225442204245,255.82262165338332,19518700
2021-06-24,256.4958190917969,257.61148179657937,255.3224522256505,255.9860794323836,21446900
2021-06-25,254.8897247314453,257.03449459793245,254.63968306773089,256.0534941839957,25611100
2021-06-28,258.4482727050781,258.6213852234761,255.74568632511017,256.0149822485252,19590000
2021-06-29,261.0258483886719,261.2662922485271,257.7365928224437,258.5925577009788,19937800
2021-06-30,260.5449523925781,260.98736086236244,259.29465610147,260.34298777501124,21656500
2021-07-01,261.21820068359375,261.4490173838746,259.29464991177207,259.3042477069135,16725300
2021-07-02,267.03692626953125,267.3735535200733,262.0837889720143,262.3915641354273,26458000
2021-07-06,267.0465087890625,268.6911361826912,263.81492881537,267.40236092120523,31565600
2021-07-07,269.2298278808594,269.96078670535366,266.55609297412514,268.7200880035307,23260000
2021-07-08,266.81573486328125,268.0756582442465,264.36319007014714,266.31559288844903,24618600
2021-07-09,267.3158874511719,267.42166866870554,264.7960403125206,265.18074464609816,23916700
2021-07-12,266.7195129394531,269.07584463447415,266.0077793129093,268.4891758346326,18931700
2021-07-13,270.2396240234375,272.03813906947397,266.7868543506358,266.9118604799698,26120100
2021-07-14,271.711181640625,272.8172174966731,269.82608069615287,271.5572940522361,23113700
2021-07-15,270.2877197265625,271.7111577808716,269.1335775905223,271.22064297039645,22604200
2021-07-16,270.0184020996094,273.2403550652202,268.77770380577266,271.28795247697474,26186800
2021-07-19,266.4213562011719,269.6529067683761,263.95921404966873,268.2679481392744,32935600
2021-07-20,268.64306640625,270.2299896780536,265.70003652732663,267.4023681314722,26259700
2021-07-21,270.6435852050781,270.75899355414396,266.69070249429734,268.23914676268924,24364300
2021-07-22,275.2024230957031,275.4717190297968,272.5863928711976,272.9903220968104,23384100
2021-07-23,278.59747314453125,278.90521894376,275.5486324297109,276.3853722718105,22768100
2021-07-26,278.0011291503906,278.6166794096968,275.68327658614254,277.9530521274675,23176100
2021-07-27,275.5871276855469,278.5109037300761,272.13435756738795,278.36664329219724,33604100
2021-07-28,275.2793273925781,279.0590972753007,272.98067033830415,277.943434405772,33566900
2021-07-29,275.5486145019531,277.5875733755724,275.1446559746078,275.2985435397369,18168300
2021-07-30,274.0193786621094,275.70248527997103,273.0576034519027,274.2694496090991,20944800
2021-08-02,273.9328308105469,275.8082749172966,272.8940971151015,275.4139435469008,16267400
2021-08-03,276.14495849609375,276.25076905660643,273.14422383185655,274.50995786548094,17879000
2021-08-04,275.5582580566406,276.59696249430243,273.76934068765456,275.27933499379344,16191300
2021-08-05,278.4532165527344,278.5590271143416,275.16396096408687,275.9141446379062,13900200
2021-08-06,278.3954772949219,278.4339565262084,276.62581421943787,277.48180834700514,16589300
2021-08-09,277.3086242675781,280.4055415160007,276.8085117411987,278.67435793533804,16117600
2021-08-10,275.4909362792969,278.1935226909762,274.2983442260447,277.7607120388484,18616600
2021-08-11,275.9814453125,277.62607292416914,274.9330843638876,276.23148694196493,13955900
2021-08-12,278.7321472167969,278.8860348144574,275.3947851546205,275.6737082598213,14561300
2021-08-13,281.6559143066406,281.70399133323906,278.24159423758465,278.41473610565794,18249000
2021-08-16,283.3389587402344,283.5505504425567,278.9340122149012,281.982852286857,22507600
2021-08-17,281.8770751953125,282.21370240044297,279.953524710054,281.21347728086533,20075300
2021-08-18,280.1521911621094,284.09337849264244,279.7089064692593,281.41452622415534,21813000
2021-08-19,285.97247314453125,286.6470164928712,278.13829528997536,278.1864643546096,29850500
2021-08-20,293.2863464355469,294.7125096493585,287.21557336643235,288.8151805177053,40817600
2021-08-23,293.56573486328125,294.2884471743219,290.86762066495834,292.21667776411977,22830200
2021-08-24,291.609619140625,294.5293759454758,291.0121816186196,293.9222928481988,18175800
2021-08-25,291.0218505859375,293.50796840478165,289.4897037639269,293.228511364618,20006100
2021-08-26,288.2081298828125,291.4266062950808,288.07323882974407,290.0389958241658,17666100
2021-08-27,288.81512451171875,289.92327755138285,286.0302588466658,288.1116739143192,22605700
2021-08-30,292.5442810058594,293.15136400495606,290.1063328429978,290.164147470794,16348100
2021-08-31,290.8966064453125,293.4212774277083,290.53042740378993,293.34420103292587,26285300
2021-09-01,290.8483581542969,294.08612491832895,290.5207320699009,291.8505275583118,18983800
2021-09-02,290.19317626953125,292.322761037506,289.2584668525424,291.20499149401866,16285600
2021-09-03,290.1835021972656,291.59037412727884,289.33551492747904,290.03893618886394,14747900
2021-09-07,289.2583923339844,290.1352868730688,287.3504504950294,290.05821049267576,17180400
2021-09-08,289.287353515625,289.6727943038397,286.64705323874495,288.8730054034754,15046800
2021-09-09,286.43505859375,291.1471582820578,286.19415442336,289.87517720465905,19927000
2021-09-10,284.9510192871094,289.007865815786,284.6330387898814,287.5624411048134,19633400
2021-09-13,286.1844787597656,287.6781021035082,283.38035098235275,286.7241016921292,23652900
2021-09-14,288.88262939453125,290.4244218394307,287.25411498430714,288.66098698942704,21853400
2021-09-15,293.7295837402344,294.211391982283,290.8387342879429,292.2263443776221,28356300
2021-09-16,294.11505126953125,294.20177323213824,289.81732959262365,292.70817930849984,19550800
2021-09-17,288.9596862792969,293.4212355512948,288.6320601855472,293.103255033234,41372500
2021-09-20,283.5923767089844,287.85157536698296,278.98629016221753,285.5485173899759,38278700
2021-09-21,284.0741271972656,286.7144563554884,283.37070598587525,284.93175998192237,22364100
2021-09-22,287.716552734375,289.2968976412769,283.79465659539153,285.93388603812656,26626300
2021-09-23,288.66094970703125,289.9521922582794,286.70480943359127,287.9767902418922,18604600
2021-09-24,288.4586181640625,288.8922279642704,286.1266531897196,287.3793723405542,14999000
2021-09-27,283.4670715332031,285.6833776639269,282.28181268174734,285.36539716620223,23571700
2021-09-28,273.2045593261719,280.20042503434115,272.4625851539167,279.25607020918045,43186200
2021-09-29,273.6671447753906,276.3363524670483,272.713173645824,274.7271290344914,26353700
2021-09-30,271.6628112792969,277.3577596425143,271.3737086480666,275.3148971070343,32343600
2021-10-01,278.5815734863281,279.42956082549745,271.055729962069,271.855518825413,30086300
2021-10-04,272.8094177246094,277.2806118186714,270.05348900845405,276.94334020608034,31350700
2021-10-05,278.25390625,279.83422199721866,273.7152514221425,273.7152514221425,24993000
2021-10-06,282.4456481933594,282.9467476472076,275.12218554145016,275.382351437471,28002600
2021-10-07,284.12237548828125,285.84725752796135,283.2262190604028,284.44035604398937,20430500
2021-10-08,284.12237548828125,285.84725752796135,283.0720368673409,285.4425255952682,17685700
2021-10-11,283.5248718261719,287.128787851861,282.09870892799114,282.2625366597223,19298600
2021-10-12,282.22393798828125,284.69079328799967,281.7132225412435,284.59442577950983,17974100
2021-10-13,285.5291748046875,286.4638838944547,282.81176948302556,284.1801177182295,23416300
2021-10-14,291.73486328125,292.23593321952023,286.99385768362157,288.3236530124895,27262900
2021-10-15,293.141845703125,293.3731337219637,289.58609751369517,291.3398870709112,25384800
2021-10-18,296.1097717285156,296.9962825877865,291.6771292104213,292.52511657650416,22729300
2021-10-19,297.0155029296875,298.04655016071644,296.0422409246639,297.1311321961775,17682100
2021-10-20,296.2253723144531,298.4320624863461,294.9726531333277,297.95987037171125,16537100
2021-10-21,299.4534912109375,299.70401151928974,295.2135548265935,295.99411129385413,16918100
2021-10-22,297.9116516113281,299.77142421719265,296.6011180073885,299.1065265444657,17449300
2021-10-25,296.9192199707031,298.1430025992538,295.30996713441385,298.1044496970303,17554500
2021-10-26,298.8271179199219,301.0338080808827,297.37207690825886,299.6847507755604,28107300
2021-10-27,311.41192626953125,314.2353152759642,304.5027837125642,304.5027837125642,52588700
2021-10-28,312.549072265625,313.05014234656585,309.6678384302858,312.5297811116196,26297900
2021-10-29,319.55450439453125,319.9206833758431,312.115383713237,312.33702609856846,34766000
2021-11-01,317.38641357421875,319.429276181663,314.49556360355314,319.30400131110804,27073200
2021-11-02,321.0095520019531,321.31791632302634,317.99342781479373,318.29214656107087,26487100
2021-11-03,321.847900390625,322.7151493305887,318.6197793405882,321.75153286235326,21500100
2021-11-04,324.1990966796875,324.29546419896866,317.52124223556143,320.77827029949265,23992200
2021-11-05,323.8330078125,326.46369184358485,322.25269180428967,326.1938803589028,22570100
2021-11-08,324.7291259765625,325.36511641707693,322.2719155808302,325.0278447491498,20897000
2021-11-09,323.7270202636719,326.39622775578675,322.35867170289976,324.84478968180053,21307400
2021-11-10,318.764404296875,322.45507286139434,317.91644627184024,322.39725820985217,25500900
2021-11-11,320.3351135253906,321.6263564591786,318.48498580814953,319.198052802581,16849800
2021-11-12,324.46905517578125,324.9605091618315,321.6456649651131,321.7709398562437,23831000
2021-11-15,323.84259033203125,325.5867337696935,321.87680452226203,325.25910770260543,16723000
2021-11-16,327.157470703125,328.27526945186895,323.30300442769504,323.4668027763442,20886800
2021-11-17,327.3794860839844,330.34320817217764,326.2982657750648,327.2057248474174,19053400
2021-11-18,329.45501708984375,330.5941871717435,325.448698473781,326.47199828045603,22463500
2021-11-19,331.2313232421875,333.152448348102,330.3528538835382,330.7776231911043,21963400
2021-11-22,328.0648193359375,337.5641771329389,327.7945143229195,332.68899421749467,31031100
2021-11-23,325.9892578125,327.6979979387171,322.01190001939966,325.3810641717133,30427600
2021-11-24,326.2113342285156,326.45267906197216,322.3498168932111,324.6377612006127,21661300
2021-11-26,318.2663269042969,326.230708290166,316.76033714457986,322.77466242134005,24217200
2021-11-29,324.9756774902344,327.29258219620067,323.15109625287187,323.34418392046973,28563500
2021-11-30,319.1448059082031,326.0858868817991,317.6001928133879,323.71106155688426,42885600
2021-12-01,318.6524353027344,327.53393801069564,317.9863505876279,323.5276191928272,33337600
2021-12-02,318.0827941894531,321.94431112310195,316.45130092810365,318.8647490116341,30766000
2021-12-03,311.8272399902344,321.1817696501505,307.01963950096615,320.49632899700646,41779300
2021-12-06,314.89715576171875,316.11354341449044,308.1781223856923,312.73471501105405,30032600
2021-12-07,323.324951171875,324.17446047936613,318.6718143921365,320.1585072370792,31021900
2021-12-08,323.3731689453125,323.8848188965732,319.34752350913357,323.70139443658877,24761000
2021-12-09,321.5678405761719,324.840460980175,320.6217582860487,322.83248506238704,22214200
2021-12-10,330.68115234375,331.1252187320229,323.1994600837699,323.38288457347915,38095700
2021-12-13,327.64971923828125,331.88774838642314,327.34079080039083,328.8854035288056,28899400
2021-12-14,316.97271728515625,323.05462611476247,312.8891511907512,321.68377419361184,44438700
2021-12-15,323.0642395019531,323.5855526741377,313.26564359900055,317.23333915012444,35381100
2021-12-16,313.6517639160156,325.1011790200771,311.83684591434667,324.0875129645706,35034800
2021-12-17,312.58984375,313.67109344538676,306.2666203467996,309.77095234774947,47750300
2021-12-20,308.8345642089844,311.6244956878622,306.5755796789902,308.96970202135424,28326500
2021-12-21,315.958984375,316.3837536037562,308.7282737271069,312.09746735797034,24740600
2021-12-22,321.66448974609375,322.0602694505174,314.4724000480661,316.9341062072316,24831500
2021-12-23,323.10284423828125,324.74400105600773,321.2107088019103,321.23000578456225,19617800
2021-12-27,330.59417724609375,330.6231374487701,323.8171952094219,323.84615541209826,19947000
2021-12-28,329.4358215332031,331.90719120012864,328.53802548583064,331.27003706491416,15661500
2021-12-29,330.11151123046875,332.38012934520907,327.9200810470128,329.4839910257525,15042000
2021-12-30,327.5725402832031,331.250633386475,327.0898505902694,330.072869357275,15994500
2021-12-31,324.6764831542969,327.61121600779853,324.22275355126135,326.79066689386144,18000800
2022-01-03,323.1607971191406,326.29828058631676,318.3628596847403,323.7400307283668,28865100
2022-01-04,317.6195068359375,323.5952080741863,314.82954604404773,323.2379929252775,32674300
2022-01-05,305.4267272949219,314.78125567055275,305.0405814422899,314.5785047925629,40054300
2022-01-06,303.01324462890625,307.6663796987617,300.7059740730642,302.3085071682814,39646100
2022-01-07,303.1678466796875,305.5426724725603,299.35458511243456,303.2740243044876,32720000
2022-01-10,303.3898010253906,303.82423357931884,294.1414784951119,298.77528825214137,44289500
2022-01-11,304.0752868652344,305.6488309169334,299.16150807736625,302.5306735629834,29386800
2022-01-12,307.2513427734375,312.2134078663537,306.10253873709456,308.60289772987363,34372200
2022-01-13,294.2477111816406,309.77103274969136,293.47541923124135,309.3752235502706,45366000
2022-01-14,299.460693359375,300.05922385700916,293.2339846176459,293.7166743042593,39846400
2022-01-18,292.172119140625,299.0745771307378,291.2936202020948,293.5429710843101,42333200
2022-01-19,292.82855224609375,303.04228390568943,292.2203879053098,295.6860967924291,45933900
2022-01-20,291.1584167480469,300.8604673943379,290.71435049782207,298.3698016436407,35380700
2022-01-21,285.7812805175781,293.58153359567393,285.37580818130317,292.2107112599279,57984400
2022-01-24,286.1094970703125,286.82386842126607,266.49297997417904,282.08388134377833,85731500
2022-01-25,278.5022888183594,284.77725480885573,275.2972516566814,281.4273871708722,72848600
2022-01-26,286.437744140625,297.8195767322565,282.8851546395586,297.32722375809846,90428900
2022-01-27,289.45941162109375,296.6611350858043,287.6155330759337,292.18178912511314,53481300
2022-01-28,297.5879211425781,297.8003058303216,284.2560313928482,289.8359242315118,49743700
2022-01-31,300.2137145996094,301.5652399492526,295.76329997634053,298.25399547736595,46444500
2022-02-01,298.0705871582031,299.875842129487,294.5662548205134,299.66345745868625,40950400
2022-02-02,302.60784912109375,304.21038262271304,298.1864239841783,298.91045860750387,36636000
2022-02-03,290.8205871582031,300.45508559766955,289.57523929937065,298.7753051603236,43730000
2022-02-04,295.34820556640625,298.10917678556535,289.5848887928777,289.816570444543,35096500
2022-02-07,290.531005859375,297.18245606272853,289.5173395906922,295.5702886097434,28533300
2022-02-08,294.0160217285156,294.9814013715594,289.5656357153874,290.8206174669248,32421200
2022-02-09,300.4356994628906,301.1307737737914,296.74797273384456,299.14209466836076,31284700
2022-02-10,291.9114685058594,298.41811714419794,290.289637957717,293.5140020692782,45386200
2022-02-11,284.8255920410156,293.7553529211515,284.03397373558494,292.69342951887205,39175600
2022-02-14,284.7869567871094,286.48603416022104,281.26332745127445,283.59952937825824,36359500
2022-02-15,290.0675964355469,290.3861587262389,286.7370251821731,289.62353008877903,27058300
2022-02-16,289.72894287109375,291.05424249393616,284.09881075240287,288.6358039056966,29982100
2022-02-17,281.2451171875,287.1170646088115,280.53892237568306,286.6914169855192,32461600
2022-02-18,278.53643798828125,284.2729679755153,276.96929430412916,283.48939613343924,34264000
2022-02-22,278.3333435058594,282.02872584374245,275.2183925047165,275.702080365006,41736100
2022-02-23,271.1264343261719,282.18356335945487,270.9619969545887,280.71313308947026,37811200
2022-02-24,284.97918701171875,285.53059821327315,262.6618238516017,263.61954581271243,56989700
2022-02-25,287.6104431152344,287.92001039879176,282.135093565402,285.5112545529005,32546700
2022-02-28,289.04217529296875,289.38076267083534,283.44106207991604,284.7083218045915,34627500
2022-03-01,285.3274230957031,290.1836376065008,282.6187539107419,286.73009989470324,31217800
2022-03-02,290.396484375,291.63472396488993,284.1182261639909,285.7240436842559,31873000
2022-03-03,286.2658386230469,293.24060936073806,284.45682121195006,293.0084486328815,27314500
2022-03-04,280.4034729003906,286.0142690066233,277.80125973691753,284.6889691786735,32356500
2022-03-07,269.8107604980469,280.23906938127266,269.4431530078945,279.1169100246889,43157200
2022-03-08,266.8505554199219,274.69595707889357,261.1914024621827,268.736920057862,48159500
2022-03-09,279.087890625,280.1520098038728,271.6197490086795,274.19297192414876,35204500
2022-03-10,276.27276611328125,277.24982481746815,271.4262054005378,273.7866039875139,30628000
2022-03-11,270.932861328125,280.06488834104937,270.31372684225215,278.5654386141769,27209300
2022-03-14,267.42132568359375,276.08900319722903,266.8215575071672,271.19408479495587,30660700
2022-03-15,277.7818908691406,278.4300454950149,269.63660504784883,271.2037487581612,34245100
2022-03-16,284.78570556640625,284.95982608211176,273.96077067732267,279.67793426336954,37826300
2022-03-17,285.588623046875,285.9658841758017,279.92946993729333,283.7215952422282,30816600
2022-03-18,290.6286315917969,291.1800427447232,283.17985751382827,285.7337136336589,43390600
2022-03-21,289.40008544921875,290.3481241566419,285.27905598306444,289.1389046674614,28351200
2022-03-22,294.1402587890625,295.04959432677754,289.0228329688514,290.01922877865013,27599700
2022-03-23,289.7193908691406,293.33739671049057,288.007146201181,290.70613315404006,25715400
2022-03-24,294.178955078125,294.2756985521243,288.5875247357409,289.3807798917864,24484500
2022-03-25,293.772705078125,295.53333629451396,289.5259402451533,295.2721554304442,22566500
2022-03-28,300.5636291503906,300.6603430987499,294.4014214022609,294.4014214022609,29578200
2022-03-29,305.1199035644531,305.5165310537255,298.9673801627558,303.6688403450475,30393400
2022-03-30,303.6204833984375,305.6423243268449,301.41486827122543,303.52376945863284,28163600
2022-03-31,298.2515563964844,304.8587480003614,297.8452751937795,303.6591822316137,33422100
2022-04-01,299.3254089355469,300.0122374321194,295.5719864101128,299.2770224362612,27110500
2022-04-04,304.6943359375,304.8297531887579,299.60593013266003,299.9735376348756,24289600
2022-04-05,300.7377014160156,304.5975202300645,299.76064270992003,303.04971351922677,23156700
2022-04-06,289.72894287109375,296.9842586358123,287.0299571404709,295.2333114596833,40110400
2022-04-07,291.53802490234375,293.7436404303179,286.6818092677771,286.9816933883639,31411200
2022-04-08,287.2815246582031,291.2961273756615,286.6140331520905,290.6383190722913,24361900
2022-04-11,275.9535827636719,283.06377005501855,275.70205565183903,282.27054447193905,34569300
2022-04-12,272.8580322265625,281.2548475912178,271.3392450437801,279.80378380378795,30966700
2022-04-13,278.236572265625,279.16524459856345,272.122751236361,273.5061208154424,21907200
2022-04-14,270.7007141113281,278.9040702197633,270.2073726066549,278.6912463967013,28221600
2022-04-18,271.3681945800781,273.2449056189471,269.25932284261444,269.81073402373755,20778000
2022-04-19,275.9922180175781,276.83385950003543,269.32701618181187,270.2653715965898,22297700
2022-04-20,277.0177001953125,280.2487611166092,276.0600076685243,279.9585306840921,22906700
2022-04-21,271.64874267578125,283.73125459736195,270.9232109682988,279.1652405373938,29454600
2022-04-22,265.08990478515625,273.960751032886,264.46111662000084,272.4903213915854,29405800
2022-04-25,271.5616760253906,271.93893715298736,261.9362771237636,264.3740824976134,35678900
2022-04-26,261.40423583984375,269.2786578732366,261.1914120269434,268.4467290276918,46518400
2022-04-27,273.9801025390625,281.47726299922044,270.05256019523966,272.89664665414017,63477700
2022-04-28,280.18096923828125,281.48693206044686,272.2774984573496,275.88581968028956,33646600
2022-04-29,268.466064453125,280.4228421568128,267.47935197429007,279.1942562573067,37073900
2022-05-02,275.1893310546875,275.64399875590436,267.2084825593842,268.64986271938767,35151100
2022-05-03,272.5871276855469,274.8604665193033,271.0103005471974,274.6959996581533,25978600
2022-05-04,280.51959228515625,281.39022443680767,267.7018653489587,273.37067229887913,33599300
2022-05-05,268.3016357421875,277.00801637510676,265.38982566126134,276.2244444799009,43260400
2022-05-06,265.7671203613281,270.13964762879215,262.41997938914824,265.8444974229105,37780300
2022-05-09,255.94830322265625,263.47448656113596,254.72942966078435,261.2495337947921,47726000
2022-05-10,260.7076721191406,264.81901759782835,256.42220615250693,262.8262266216796,39336400
2022-05-11,252.0497283935547,262.50705741382524,250.8405087610353,257.0123704889284,48975900
2022-05-12,247.01934814453125,251.40155812616646,241.86323478464925,249.2830033480953,51033800
2022-05-13,252.6011199951172,254.4584941959466,247.0193732332159,248.95412449484758,34925100
2022-05-16,252.9687042236328,257.1477736501881,247.43531494271934,251.47893762285955,32550900
2022-05-17,258.115234375,259.57595185049803,253.89746026867346,257.42837625771915,28828800
2022-05-18,246.36326599121094,255.59413551227334,245.09305474022761,255.01235236440064,31356000
2022-05-19,245.45181274414062,249.84424444235316,244.23008588747544,246.18872524247453,32692300
2022-05-20,244.88943481445312,250.68782539404745,238.9553115969885,249.42729026419417,39199300
2022-05-23,252.73370361328125,253.55789389015007,245.73298352377535,247.73043098596386,33175400
2022-05-24,251.73500061035156,253.39305741677543,245.80087764780725,250.05756188241344,29043900
2022-05-25,254.54696655273438,256.5443997067437,249.32068220222658,250.30001685401606,28547900
2022-05-26,257.82427978515625,258.9975222921612,253.49003807090028,254.30452267342017,25002100
2022-05-27,264.94134521484375,265.03831400617037,259.43386111985046,260.32593257304654,26910800
2022-05-31,263.6129455566406,266.4248628217989,260.76223485872504,264.25290403889915,37827700
2022-06-01,264.1462707519531,269.2562034890883,261.8385496478532,266.84183742859545,25292200
2022-06-02,266.24066162109375,266.30854273854516,253.6548987948604,256.4183467798957,44008200
2022-06-03,261.81915283203125,265.14500204030634,260.25806469793486,262.1003534639654,28059000
2022-06-06,260.587646484375,265.8527218771535,259.1041161363901,263.7971142933535,22400300
2022-06-07,264.223876953125,264.83474789857866,257.86311369538305,258.54186576604843,22860700
2022-06-08,262.1972961425781,264.70863088470054,261.42157544049917,263.4578015962176,17372300
2022-06-09,256.7479553222656,264.4273969656422,256.5928112013964,259.64713525480107,26439700
2022-06-10,245.306396484375,252.66586076150946,244.86036072451404,252.66586076150946,31422800
2022-06-13,234.90223693847656,241.4569362354191,234.19441215005645,237.66568457400948,46135800
2022-06-14,237.06455993652344,238.27659598406217,234.17505534653057,236.45368903404812,28651500
2022-06-15,244.11370849609375,247.54620227137175,238.9358949520811,240.76849254553994,33111700
2022-06-16,237.52996826171875,239.9055558620673,235.639195061252,238.5092880231499,33169200
2022-06-17,240.12857055664062,242.89201860259925,236.61851897442415,237.26816850622123,43084800
2022-06-21,246.0336151123047,247.0129348663082,241.93207466775263,242.6592962620597,29928300
2022-06-22,245.44212341308594,249.3594317398159,242.7659386682965,244.23977847011096,25939900
2022-06-23,250.9981231689453,251.49264337760505,245.92698295357496,247.80806538921993,25861400
2022-06-24,259.56964111328125,259.84113599314713,253.77125024741073,253.85851328836165,33923200
2022-06-27,256.844970703125,260.1513786610391,255.28385304721854,260.06411562547476,24615100
2022-06-28,248.69039916992188,258.8036202038124,248.5352550148448,255.96261499134835,27295500
2022-06-29,252.35560607910156,254.01366307535287,247.9922615951773,249.76668411063616,20069800
2022-06-30,249.0297393798828,251.64774884681984,245.21910548593416,249.24305888897192,31730900
2022-07-01,251.69619750976562,251.88042932459473,246.8771566244914,248.6031092713666,22837700
2022-07-05,254.86692810058594,254.99298457519546,247.00323818444357,248.3801092623351,22941000
2022-07-06,258.1248474121094,259.8507853109402,254.430564439945,255.73956910040374,23824400
2022-07-07,260.24835205078125,260.8883105802799,256.97100212276746,257.067970916459,20859900
2022-07-08,259.53082275390625,259.9574617514012,255.29355004720045,256.7479931048278,19658800
2022-07-11,256.47650146484375,258.4351408209991,254.2172499828831,257.5818628153171,19455200
2022-07-12,245.96572875976562,257.8630779320997,244.38522912726302,257.80490257305115,35868500
2022-07-13,245.04457092285156,245.84936453464945,240.57458193875394,242.59141144867633,29497400
2022-07-14,246.36326599121094,247.39107006314066,238.47048883303972,242.95987452362783,25102800
2022-07-15,248.92308044433594,252.4622192726145,247.0323074429904,247.95345174668594,29774100
2022-07-18,246.52810668945312,252.91795652335915,245.60696234722735,251.86106474959863,20975000
2022-07-19,251.64772033691406,251.83195214619707,245.97538686166658,249.75693264825895,25012600
2022-07-20,254.3045196533203,256.8255603020686,251.04658128193176,252.00650426801573,22788300
2022-07-21,256.7964782714844,256.8449774641106,249.2236799929457,251.89986485024778,22404700
2022-07-22,252.4525604248047,257.2716171311826,251.2017604777432,257.1843540830661,21881300
2022-07-25,250.96902465820312,253.55794673271595,249.0103850148789,253.07313230301668,21056000
2022-07-26,244.24951171875,251.98716092140094,241.99028942269476,251.96774940551714,39348000
2022-07-27,260.5780029296875,261.84821413779025,250.9883906372331,253.22823052881697,45994000
2022-07-28,268.01507568359375,269.40163763919867,259.734438202384,261.55734491443076,33459300
2022-07-29,272.2135925292969,273.43533434326656,268.22843217911804,269.26594214524397,32152800
2022-08-01,269.56646728515625,272.7371422807074,267.46236011948673,269.38223547656554,21539600
2022-08-02,266.4733581542969,269.45012527255744,264.1074618325668,267.6175128829661,22754200
2022-08-03,273.89105224609375,274.8897687407823,268.20901200946105,268.3544800041246,23518900
2022-08-04,275.0351257324219,275.18056409331155,271.66083739692374,273.24130703954415,18098700
2022-08-05,274.31768798828125,275.03520383289623,270.2161475022105,270.67187422288504,16774600
2022-08-08,271.8063049316406,277.2362311831434,270.8366763006836,275.4230007870511,18739200
2022-08-09,273.7262268066406,274.4825361654894,269.1786648955096,271.1470399708498,23405200
2022-08-10,280.3778991699219,281.0081520432844,278.22532180606646,279.41797601804245,24687800
2022-08-11,278.3028259277344,282.3655726517332,277.80833539979704,282.01652051436565,20065900
2022-08-12,283.0442810058594,283.0442810058594,278.22522580232317,279.71846209389213,22619700
2022-08-15,284.5569152832031,285.2453433252316,281.2989476986178,282.16193138302435,18085700
2022-08-16,283.82000732421875,285.1096300607174,281.59957891566967,283.12187347946144,18102900
2022-08-17,283.0718078613281,285.0443308942976,281.27418133685177,281.53652609959147,18253400
2022-08-18,281.954345703125,283.6450710894862,280.8951810940671,281.973768762057,17186200
2022-08-19,278.0482177734375,281.06045328122894,277.47492602525494,280.72035691439993,20570000
2022-08-22,269.8860168457031,274.46265350884744,269.3710240123007,274.0934077691384,25061100
2022-08-23,268.6131286621094,270.96459435110165,267.6025659844231,268.6131286621094,17527400
2022-08-24,267.9814758300781,269.3807070113778,267.3207063558082,267.6122301498013,18137000
2022-08-25,270.9548645019531,271.12003464855854,266.7474441390709,269.4778816182688,16583400
2022-08-26,260.49951171875,272.4026750674216,260.3926404040064,271.1783402052865,27549300
2022-08-29,257.72052001953125,259.82906392811554,256.3795873901303,258.3229611362696,20338500
2022-08-30,255.5245361328125,259.48900611595445,253.27994149506821,259.11978995833886,22767100
2022-08-31,254.06698608398438,259.54728502076154,253.93093567831625,257.8760119467737,24791800
2022-09-01,253.0272674560547,253.50341421016233,248.17855922552292,251.54058765801105,23263400
2022-09-02,248.81015014648438,257.2443854879001,247.26517150345208,254.2904786042123,22855400
2022-09-06,246.0797119140625,250.5300249496929,244.80680442412418,248.9462001827662,21328200
2022-09-07,250.78265380859375,251.5016925834483,246.05054362667008,247.4886360031437,24126700
2022-09-08,251.2005157470703,253.05644149900624,247.57612734264936,250.21913202904068,20319900
2022-09-09,256.9722595214844,257.72047726789003,252.92034253890802,253.12438844541632,22084700
2022-09-12,259.100341796875,259.87770921653043,257.65253760472325,258.2549788214969,18747700
2022-09-13,244.8553924560547,253.0272681898394,244.4667087917609,251.51143896600806,33353300
2022-09-14,245.07887268066406,247.03195802459214,242.78569098884205,246.35178015556986,23913000
2022-09-15,238.43251037597656,244.28205420352305,237.1110157424026,242.69821481070736,31530900
2022-09-16,237.81065368652344,238.3547959701018,235.2065251235573,237.34423330622892,39791800
2022-09-19,237.59689331054688,238.19933446520724,234.0308040411177,235.60493213001268,26826900
2022-09-20,235.58546447753906,236.6154501254237,232.85502690956756,235.21623357137693,26660300
2022-09-21,232.1845703125,240.64796931692138,232.13598300454865,237.35395148181902,28625600
2022-09-22,234.15711975097656,236.95558294370812,230.8436784817332,231.13517270867078,31061200
2022-09-23,231.18374633789062,234.30286782239332,228.54075677381346,232.75787437724338,34176000
2022-09-26,230.72705078125,234.61379837015886,230.19262002242195,230.33838195306527,27694200
2022-09-27,229.7164764404297,234.9538676194247,227.86055112233197,233.18539055356896,27018700
2022-09-28,234.2445526123047,235.4688726877208,228.084046805277,230.10515720285915,29029700
2022-09-29,230.77561950683594,233.15624924797467,227.77311079462302,232.1262635921422,27484200
2022-09-30,226.30587768554688,233.72956515957875,226.14069268839654,231.54326959007867,35694800
2022-10-03,233.9238739013672,234.7692366306355,228.01601667284308,228.74478173649183,28880400
2022-10-04,241.8334503173828,243.27154283676492,238.04386235617537,238.15074851262196,34888400
2022-10-05,242.14437866210938,243.48531136271737,237.18878424235803,239.0252719369114,20347100
2022-10-06,239.80258178710938,243.25207293473719,239.11269245364227,240.91030415961444,20239900
2022-10-07,227.60792541503906,234.48746986052475,226.56821340371297,234.0793483497187,37769600
2022-10-10,222.75921630859375,227.91887124753765,220.31056122973789,226.45162940250796,29743600
2022-10-11,219.02793884277344,222.5745899538486,217.76474295842993,221.17535850206903,30474000
2022-10-12,219.3583221435547,221.4085821373912,217.61900908089987,219.01822579092038,21903900
2022-10-13,227.60792541503906,229.41526348823245,212.92573701301367,213.62535270758946,42551800
2022-10-14,222.0887451171875,230.52299472511268,221.8749728230323,228.8711152108653,30198600
2022-10-17,230.80477905273438,232.1942989747583,228.4824480465505,229.14320282236488,28142300
2022-10-18,231.74729919433594,237.0235513421654,228.70591479996747,236.35309991218537,26329600
2022-10-19,229.78453063964844,232.8259156019754,227.65653380190315,230.3286729708631,19985700
2022-10-20,229.46385192871094,234.47775981300623,228.22009390223283,229.09462099466492,21811000
2022-10-21,235.26483154296875,236.1199207742884,227.86058198177213,228.09379217943177,26299700
2022-10-24,240.24957275390625,240.8228644348146,234.4680389836242,236.85838032259602,24911200
2022-10-25,243.5630340576172,243.93226498550914,238.86978470276068,240.2592898081023,34775500
2022-10-26,224.7706298828125,231.55300056663893,223.54629485034351,224.62486794587923,82543200
2022-10-27,220.3300018310547,227.07351120535486,219.38746436365162,224.49853205636384,40424600
2022-10-28,229.19180297851562,229.90114514841537,219.64984455522253,219.8344674535042,40647700
2022-10-31,225.55767822265625,228.26867807032616,224.605414413329,227.14151774097857,28357300
2022-11-01,221.70977783203125,229.06545410633566,220.89356446941574,227.95773173513913,30592300
2022-11-02,213.86827087402344,224.75116008206982,213.80995721146994,222.96325992629187,38407000
2022-11-03,208.1839141845703,214.16950892795055,207.9215545752939,213.85856200928737,36633900
2022-11-04,215.1217498779297,215.31608428144708,207.38711607311453,211.39047595404304,36789100
2022-11-07,221.41830444335938,221.9430237085704,215.01489088874334,215.70479515914553,33498000
2022-11-08,222.38995361328125,225.09124173650707,219.4457437895728,222.22476863616473,28192500
2022-11-09,218.1534423828125,222.15680289309407,217.9785458401814,220.93246778760866,27852900
2022-11-10,236.1004638671875,236.44056019136823,228.34640704745314,228.7642252711611,46268000
2022-11-11,240.113525390625,240.96861451794143,235.0801800640539,236.11018052503232,34620200
2022-11-14,234.71096801757812,237.0041496395175,232.43722428466577,235.13851261558185,31123300
2022-11-15,235.11907958984375,240.00666349429483,233.23400463788948,238.70460661108956,31390100
2022-11-16,235.54782104492188,237.5648885308963,234.271326294768,236.58070947272424,24093300
2022-11-17,235.4990692138672,237.02892387588912,231.5526591490044,231.69881697787037,23123500
2022-11-18,235.05088806152344,237.50644414793118,232.91689413023886,237.2823156083128,27613500
2022-11-21,235.859619140625,238.41260836887963,235.02161288629395,235.25546541495947,26394700
2022-11-22,238.76341247558594,239.03625034999712,234.5539032214211,237.36023776801466,19665700
2022-11-23,241.2482147216797,241.93030944994973,238.02286939557064,238.8413830694947,19508500
2022-11-25,241.16050720214844,242.3395534122588,240.4199345063279,240.98510292788336,9200800
2022-11-28,235.5770721435547,240.3420116090235,234.64163211456452,239.78659687966393,24778200
2022-11-29,234.18360900878906,236.58068666323004,232.11783235235237,235.22623623628454,17956300
2022-11-30,248.61483764648438,248.79998080802568,233.72562221636355,234.41747063024718,47594200
2022-12-01,248.17636108398438,249.56978200844247,244.50277384992842,247.37732526853793,26041500
2022-12-02,248.49794006347656,249.51133581657106,243.30425151606138,243.4309315609044,21528500
2022-12-05,243.80116271972656,247.32859177442447,241.71589355194266,245.56486981280182,23435300
2022-12-06,238.8511199951172,245.4187517382797,237.54539368771614,244.4053559887348,22463700
2022-12-07,238.12026977539062,239.86449912487623,236.0155227459376,238.5685118877335,20481500
2022-12-08,241.07278442382812,242.3785254696705,236.8437826963573,238.57825833331165,22611800
2022-12-09,239.14344787597656,241.95953631031935,237.91567738898425,238.44186049239534,20609700
2022-12-12,246.0521240234375,246.081355592582,240.84869655601585,241.12153444706453,30665100
2022-12-13,250.34930419921875,257.17027974726597,246.59776170037412,254.99730111732012,42196900
2022-12-14,250.6416778564453,255.8743369804064,247.80609665366913,250.55398314754714,35410900
2022-12-15,242.64161682128906,247.69888605332656,241.01432850057725,247.2311661145022,35560400
2022-12-16,238.43212890625,243.45041325109977,237.2822993212295,242.19341115694567,86102000
2022-12-19,234.300537109375,238.93881059195638,232.60504677186884,238.5977558234553,29696400
2022-12-20,235.6160125732422,236.69762512272143,232.32245069187238,233.27738320943791,25150800
2022-12-21,238.1787109375,239.33827914107383,233.9692023983042,235.50879578158697,23690600
2022-12-22,232.0983428955078,235.80116166317555,227.88881885599957,235.08982055529697,28651700
2022-12-23,232.62452697753906,232.7609459126413,227.95703674860303,230.07153767696204,21207000
2022-12-27,230.89979553222656,232.81939944393886,229.7986903288203,232.59528581734625,16688600
2022-12-28,228.53196716308594,233.58923690976746,228.1811734561326,230.83161149343562,17457100
2022-12-29,234.84622192382812,235.73295246137508,229.62330203859167,229.62330203859167,19770700
2022-12-30,233.6866455078125,233.82306443342722,230.60745847988278,232.11782042896934,21938500
2023-01-03,233.45277404785156,239.4649753058939,231.32851953628074,236.86326199727426,25740000
2023-01-04,223.24085998535156,226.91443295403656,220.18116489402158,226.33952554962818,50623400
2023-01-05,216.62445068359375,221.7304437743296,216.08851388241624,221.3893890276127,39585600
2023-01-06,219.17745971679688,219.98623444144232,213.74018002094996,217.2968261609176,43613600
2023-01-09,221.3114471435547,225.3260890868295,220.6196135764492,220.65858404237193,27369800
2023-01-10,222.99720764160156,225.3942852499652,221.51607720978163,221.93507289887148,27033900
2023-01-11,229.74021911621094,229.91560850427538,225.19939440138353,225.37478378944797,28669300
2023-01-12,232.41015625,233.7646067249311,227.58675433530573,229.24327425256297,27269500
2023-01-13,233.11175537109375,233.24817431543465,228.91198479686696,230.93879116175304,21333300
2023-01-17,234.20310974121094,234.74878549049157,231.02647397875015,231.8839729382192,29831300
2023-01-18,229.7792205810547,236.1812017430098,229.49664379486572,235.39191965313583,30028700
2023-01-19,225.9984130859375,229.49661059997746,224.78038167439715,227.8011055224362,28623000
2023-01-20,234.07643127441406,234.58313656009622,228.51245663723557,228.85351141709936,35389800
2023-01-23,236.37606811523438,238.89982582882288,233.52099453170575,234.93392297440502,31934000
2023-01-24,235.8498992919922,237.7110552325449,234.29082769199107,236.2981414839797,40234400
2023-01-25,234.4564666748047,237.07767305092727,224.99479068566467,228.4832349642451,66526600
2023-01-26,241.657470703125,241.95954016253594,235.81091899256552,237.41871476554942,33454500
2023-01-27,241.8133544921875,243.44064274681827,240.5173672279143,242.62212916997672,26498900
2023-01-30,236.5027618408203,239.31885025276583,236.00579544141553,238.25671541727394,25867400
2023-01-31,241.47235107421875,241.6087700326967,236.7366431319827,237.2238558220541,26541100
2023-02-01,246.2859649658203,248.65381102324727,239.1921508241423,241.65744534727375,31259900
2023-02-02,257.8329162597656,257.92061096012765,250.6708850258921,252.20073974099043,39940400
2023-02-03,251.7427520751953,257.4431453454228,250.5247205959628,252.9023204223924,29077300
2023-02-06,250.20314025878906,251.69400957978206,248.26404368586972,250.85601820717645,22518000
2023-02-07,260.7171325683594,261.8961784103339,253.4284233676941,253.86692648216754,50841400
2023-02-08,259.908447265625,269.6819309436082,259.4017271241036,266.2129795710124,54686000
2023-02-09,256.8779602050781,266.97302049431784,256.07892442365,266.7976013623995,42375100
2023-02-10,256.3713073730469,257.3359789229723,253.99370721574917,254.8414524853322,25818500
2023-02-13,264.381103515625,267.5772176000691,260.31773656170196,260.7952252232444,44630900
2023-02-14,265.20928955078125,267.9376679050751,262.39318676983703,265.696502095269,37047900
2023-02-15,263.0895080566406,264.4668924311176,260.0221350925757,262.1126422431033,28922400
2023-02-16,256.08538818359375,260.569199060256,255.8411717100615,257.91212263576193,29603600
2023-02-17,252.0899658203125,254.0730020433987,250.07762481803098,253.38921392498247,30000100
2023-02-21,246.82470703125,249.5794760448662,245.7696900625751,248.59283193869732,28397400
2023-02-22,245.69154357910156,248.4560759372167,244.54861223485597,248.21185945581914,22491100
2023-02-23,248.8761444091797,250.89824919216971,244.68538110016482,249.64786195781076,29219100
2023-02-24,243.45449829101562,245.19331823985505,242.36041335398122,244.177384356293,24990900
2023-02-27,244.372802734375,246.971269878113,243.6206117389156,246.6195975210222,21190000
2023-02-28,243.64990234375,245.6720220057633,242.97586245641222,243.30800820629165,22491000
2023-03-01,240.57276916503906,245.12495292682374,240.10386280126266,244.95888751265778,27565300
2023-03-02,245.30078125,245.58406578455748,239.92801913938823,240.84627541231006,24808200
2023-03-03,249.3840789794922,249.70644650216622,245.57430808569026,246.35580375528275,30760100
2023-03-06,250.92755126953125,254.1023656002355,250.0581411721239,250.49772786752465,24109800
2023-03-07,248.27044677734375,251.7285601912726,247.5280341065123,250.37070236682902,21473200
2023-03-08,247.83087158203125,248.65143534651415,245.00772977586786,248.1630024049233,17340200
2023-03-09,246.4828338623047,253.55533409337485,245.7599476632948,249.90186482884056,26653400
2023-03-10,242.83908081054688,246.94191444562173,241.8719931478548,245.2714821705408,28333900
2023-03-13,248.04576110839844,251.94346100015755,240.04522785498133,241.67659194545388,33339700
2023-03-14,254.7568817138672,255.0304029898369,249.94092478651652,250.81033489351847,33620300
2023-03-15,259.29925537109375,260.3152041308793,253.21337082147616,253.96557655248083,46028000
2023-03-16,269.8103332519531,270.1619906139307,257.18921458978684,259.0745583407351,54768800
2023-03-17,272.96563720703125,276.7754083374073,269.9275985016487,271.8227207737094,69527400
2023-03-20,265.9322509765625,271.06079765137076,263.60730504746243,270.57236463472236,43466600
2023-03-21,267.44635009765625,268.6381277112385,263.28489174322317,268.5209085708176,34558700
2023-03-22,265.9908142089844,274.5383905110529,265.8833434620223,267.0751210074597,34873300
2023-03-23,271.2366027832031,274.55794104511676,268.83352089762093,271.51012405626466,36610900
2023-03-24,274.0793151855469,274.13792476370173,268.91168542659534,270.8263345400217,28172000
2023-03-27,269.9862060546875,274.9486717802247,269.1460858667074,274.0108888501196,26840200
2023-03-28,268.8628234863281,269.75177506940884,265.756367139309,269.40986602798046,21878600
2023-03-29,274.0206604003906,274.63609068107115,271.9692360686493,272.5065003836282,25087000
2023-03-30,277.47869873046875,277.87921725722805,274.96817646072697,277.6545572186975,25053400
2023-03-31,281.63043212890625,282.57799326147335,276.45305469008514,277.1661775421266,32766000
2023-04-03,280.58514404296875,281.6010629004786,277.38102575884704,279.89154793583737,24883300
2023-04-04,280.53631591796875,283.73068619331156,279.0612688180202,280.58517709537364,25824300
2023-04-05,277.7620849609375,280.5070761358077,276.3749518849941,279.2371622142725,22064800
2023-04-06,284.8541259765625,285.3230025679542,275.5055113851009,276.6582060877172,29770300
2023-04-10,282.6951904296875,282.90032388757146,278.12343611580997,282.51933193992477,23103000
2023-04-11,276.2869567871094,279.364108081122,275.1245138457469,279.1394182021938,27276600
2023-04-12,276.93170166015625,280.37028867291156,275.43709804068334,278.20164520430563,27403400
2023-04-13,283.13482666015625,283.1934362329106,276.61914739244156,277.02941440172174,24222700
2023-04-14,279.5203857421875,281.8062480666377,277.1270526810152,280.3604759948449,20987900
2023-04-17,282.1188659667969,284.85410843164084,279.53995543823305,283.22272922701467,23836200
2023-04-18,281.6988220214844,285.0104118167831,280.3702986730481,284.82480490610715,20161800
2023-04-19,281.7769775390625,282.363073223057,277.9574283365994,279.3738659883608,17150300
2023-04-20,279.4910583496094,282.34351958863164,278.48488777303635,278.6509680753115,23244400
2023-04-21,279.1492004394531,279.6473817610795,276.511650666874,278.41655103724565,21676400
2023-04-24,275.2514953613281,278.35795159650013,272.27206627525993,275.564099605755,26611000
2023-04-25,269.0484619140625,275.0854869775857,268.99960072437375,273.0438405005658,45772200
2023-04-26,288.5368957519531,292.6397447358396,285.957985102446,289.83614418187,64599200
2023-04-27,297.77801513671875,298.13948055653924,288.419653058881,289.1229976897944,46462600
2023-04-28,300.1517639160156,301.78311293724147,296.29313248417196,296.97695039742223,36469600
2023-05-01,298.49114990234375,301.460830664017,298.0906312953761,299.8685344351108,21294100
2023-05-02,298.3446350097656,302.0274089293755,296.87933607669675,300.6402759672235,26404400
2023-05-03,297.3579406738281,301.4705373047011,297.05511466369126,299.52658392125915,22360800
2023-05-04,298.3446350097656,300.6402759672235,296.38112489974674,299.15542063563385,22519900
2023-05-05,303.46337890625,304.7528490194279,297.2309698374708,298.6474372845863,28197100
2023-05-08,301.5096740722656,303.02383420465094,299.0088995873121,302.9554464323352,21318600
2023-05-09,299.8977966308594,302.86747697079767,299.223756852854,300.8746624179306,21340800
2023-05-10,305.0849609375,305.7590007361898,300.5523190484158,301.4803236876646,30078000
2023-05-11,302.9358825683594,303.9225267081971,299.1749725458381,302.92613418082834,31680200
2023-05-12,301.822265625,303.4633932219653,299.50709815578426,303.36570066728314,19774700
2023-05-15,302.3009033203125,302.73072668738115,300.47416891606105,301.94924591720934,16336500
2023-05-16,304.5281066894531,306.4525333293128,302.6622896072277,302.6622896072277,26730300
2023-05-17,307.40643310546875,307.8273965281547,304.2148790483357,305.73234911232737,24315000
2023-05-18,311.83154296875,312.3406428632518,307.1323477805687,307.92533659511486,27276000
2023-05-19,311.6552429199219,312.0566370029234,309.7266093330222,310.08883500196976,27546700
2023-05-22,314.4356384277344,315.8160338813464,311.33222095812204,311.90982815472574,24115700
2023-05-23,308.6399841308594,315.94332604860966,308.63018455651456,313.3098099504378,30797200
2023-05-24,307.2596130371094,309.8539609209706,306.04563091509715,308.1211390989395,23384900
2023-05-25,319.07611083984375,320.03551297467794,313.28041010709336,316.4523646988683,43301700
2023-05-26,325.8997802734375,326.39905065575283,317.0789683726066,317.2160130284429,36630600
2023-05-30,324.2550048828125,328.68987947656177,323.579491610932,328.19060914102903,29503100
2023-05-31,321.4942932128906,328.8857420420062,320.45652421282057,325.3123928059222,45950600
2023-06-01,325.59625244140625,326.5263156649062,317.9013162515011,319.08589950715634,26773900
2023-06-02,328.3570556640625,330.41296452982044,325.56689576601605,327.2312100565703,25873800
2023-06-05,328.8857421875,331.45072114916485,327.6326215544442,328.18085996410906,21307100
2023-06-06,326.67315673828125,328.32767137670015,325.19488504565373,328.2885029579965,20396200
2023-06-07,316.5894775390625,327.4661687531418,315.7279515267093,324.6858083621168,40717100
2023-06-08,318.42999267578125,319.7810193360927,316.5600964884988,317.1377037070702,23277700
2023-06-09,319.9278564453125,323.0606428090371,317.59782847451265,318.16563610626434,22529000
2023-06-12,324.88165283203125,325.12640320633943,318.33213042540393,321.6802988149572,24260300
2023-06-13,327.2703552246094,329.90387113011326,323.4522561033348,327.44656828941845,22951300
2023-06-14,330.25634765625,331.9206620825264,325.82147225464075,327.3193432875882,26003800
2023-06-15,340.79046630859375,342.4939195488925,330.1193547383196,330.3934739939626,38899100
2023-06-16,335.14154052734375,344.08962778195877,334.769545086919,343.94278354537636,46552000
2023-06-20,330.951416015625,334.8967905185413,328.8074005290605,332.18496735769014,26375400
2023-06-21,326.5556945800781,330.6381434386612,325.0969920993696,329.30668603957923,25117800
2023-06-22,332.5765686035156,332.9779627764546,326.34033425250004,327.1039541755478,23556800
2023-06-23,327.9850769042969,330.86334374945545,326.4480672315905,327.3389323189801,23146900
2023-06-26,321.6998291015625,329.0521084557262,321.5921234240104,326.71231091411966,21520600
2023-06-27,327.5445251464844,329.0913343051698,322.38516833897705,324.89140968264053,24354100
2023-06-28,328.79766845703125,330.88294648753094,326.8004969786541,327.6326542510409,20259500
2023-06-29,328.014404296875,329.05214338180554,325.6354380857654,327.6815474089493,16997000
2023-06-30,333.38909912109375,335.5331142814067,330.11923848147313,330.6576772264797,26832800
2023-07-03,330.8927001953125,333.7415980832822,329.5025348266666,332.06751392034784,12508700
2023-07-05,331.0493469238281,334.475852129054,327.7011785685613,328.05360476311387,18172400
2023-07-06,334.1037902832031,335.78767385230776,328.45496307477555,330.21715360852994,28161200
2023-07-07,330.1388244628906,334.6128676404688,329.92344297863576,332.1947331986414,21214800
2023-07-10,324.86199951171875,328.1906279486803,320.7110434161663,327.5738523279874,32791400
2023-07-11,325.4885559082031,325.8703508704989,320.13341772549273,324.1081605217917,26698200
2023-07-12,330.1192626953125,334.4758007177013,328.62139184518895,329.53185591792584,29995300
2023-07-13,335.4645690917969,336.5218772871451,331.9009902308977,332.4296592669453,20567200
2023-07-14,337.9903869628906,344.0504071797022,337.0799229574127,340.2910459095937,28352700
2023-07-17,338.47015380859375,339.70367521642703,335.0142801736607,338.4211858141297,20363900
2023-07-18,351.94122314453125,359.0781521098167,334.98494066726425,338.56805969742885,64738600
2023-07-19,347.6238098144531,354.84884504828324,345.03926161088305,354.15376240808007,39732900
2023-07-20,339.5861511230469,350.45307072749904,338.1176492812762,346.14547130032105,33778400
2023-07-21,336.5513000488281,342.944177986763,332.69403214811535,341.8183323536975,69405400
2023-07-24,337.8631286621094,339.63514852458513,335.1219369374352,338.5876099496475,26678100
2023-07-25,343.6099548339844,344.500849777994,337.82405242404576,339.8211939588815,41637700
2023-07-26,330.6772766113281,337.43240985586726,326.11512671611416,334.2702247265649,58383700
2023-07-27,323.7752990722656,334.16248813756204,322.1403538163887,333.330360964953,39635300
2023-07-28,331.26470947265625,332.8702861605579,326.17391995680913,326.6634206723763,28484900
2023-07-31,328.8661804199219,330.60880180685933,326.3599092198598,329.8451818704879,25446000
2023-08-01,329.2773132324219,331.4311281711662,326.692765182679,328.1514676458398,18311900
2023-08-02,320.6228942871094,326.62417644748024,319.5068185737911,326.62417644748024,27761300
2023-08-03,319.8006286621094,322.95301463874944,319.1055459732793,319.1544840968255,18253700
2023-08-04,320.8970642089844,328.10252974603515,320.3683951097149,324.910975755622,23741500
2023-08-07,323.1781311035156,324.15713248319014,320.64252111536877,321.4746782634423,17741500
2023-08-08,319.203369140625,321.84668466116545,316.21742705872686,320.09426392900343,22327600
2023-08-09,315.463623046875,320.24112464866727,314.3083787208824,319.614579306117,22373300
2023-08-10,316.1488952636719,321.3669891320305,314.43564292025485,319.1740058162668,20113700
2023-08-11,314.2692565917969,315.63985260966695,312.5070361030333,313.53500552400016,24355500
2023-08-14,317.2356262207031,317.25519549333154,313.3587591141242,314.64127845171237,18836100
2023-08-15,315.1014099121094,318.26359552742247,314.16157683323723,316.21748596813336,16966300
2023-08-16,314.3361511230469,318.2800883607637,313.7475006460735,314.72857479436016,20698900
2023-08-17,310.88275146484375,315.77830142047725,310.2254186741254,314.47348610040007,21257200
2023-08-18,310.4903564453125,312.3543913343559,305.653638152049,308.5379985359399,24755000
2023-08-21,315.78814697265625,316.6612873829202,311.03975175794454,311.91289216820854,24040000
2023-08-22,316.3571472167969,319.9086306831472,315.37607311272194,319.3396208763862,16084600
2023-08-23,320.8112487792969,322.96962389693414,317.33823788637403,317.69144015108157,21166400
2023-08-24,313.9142150878906,326.6779960307327,313.90439476815004,326.5504516341018,23281400
2023-08-25,316.8673400878906,319.20227141780845,312.76642738205277,315.38590853898717,21684100
2023-08-28,317.5736999511719,319.97731354583135,315.63116244372804,319.49659681490056,14808500
2023-08-29,322.194580078125,322.7537995550599,315.7881667802801,315.7881667802801,19284600
2023-08-30,322.56732177734375,323.5680064570228,320.2716122604317,322.4495976903229,15222100
2023-08-31,321.55682373046875,324.6472008416001,320.59536043233794,322.96957268527206,26411000
2023-09-01,322.43988037109375,325.7068445895404,320.59545591190596,325.03972125664615,14942000
2023-09-05,327.2373046875,328.512719178751,322.4398671653608,322.7734288181467,18553900
2023-09-06,326.5799560546875,328.13003998213503,323.9310439692956,327.0704931119819,17535800
2023-09-07,323.66619873046875,326.7761872339446,322.8028486285546,325.0200859411969,18381000
2023-09-08,327.943603515625,329.797847793835,323.22463985119003,323.84272127726,19530100
2023-09-11,331.544189453125,332.01511580762883,329.08168383895804,330.85742559530763,16583300
2023-09-12,325.4909362792969,330.4159473154807,325.20644635330586,329.4643042616368,17565500
2023-09-13,329.69976806640625,330.4748250083912,324.90233116375424,325.0396659724569,16544400
2023-09-14,332.2898254394531,334.40891924896704,330.20013271673093,332.7312908414323,20267000
2023-09-15,323.9703369140625,331.01444277565355,323.4111174113431,330.54354630179284,37679800
2023-09-18,322.832275390625,324.14691123207,320.18336306203616,321.59611231194907,16834200
2023-09-19,322.42999267578125,323.15600785929996,318.36836152476627,319.9969481018416,16505900
2023-09-20,314.6991271972656,323.3522079151342,314.4440682913458,323.2737351610063,21436500
2023-09-21,313.4826354980469,319.19249448338184,309.0383706041025,313.2177562445035,35560400
2023-09-22,311.0103759765625,315.366348299517,310.16663650283107,315.2388038490683,21447900
2023-09-25,311.5302734375,311.65781785899316,309.0383368775715,310.59824108043864,17836000
2023-09-26,306.23248291015625,309.9016904509528,304.15258067558153,309.1658848784398,26297600
2023-09-27,306.87017822265625,308.3515797645924,303.82884250383796,306.3894315511619,19410100
2023-09-28,307.7040710449219,309.5092436550282,303.5933684920157,305.10420093112447,19683600
2023-09-29,309.7742004394531,313.4237979177654,309.0187840307204,311.73634897747024,24147300
2023-10-02,315.7096252441406,315.79794825806266,309.21491966040423,310.29410713051254,20570000
2023-10-03,307.4588623046875,315.30745601689233,305.3200977637049,314.75802691222975,21033500
2023-10-04,312.9234313964844,313.9830083427308,308.0573115463436,308.086742575961,20720100
2023-10-05,313.31585693359375,313.92414811592056,308.9402741782087,313.0509776654909,16965600
2023-10-06,321.0663146972656,322.9597804960645,310.31372116687385,310.5589896881692,25673600
2023-10-09,323.5778503417969,324.0487467241728,317.06350427889305,318.6037977229235,19891200
2023-10-10,322.1749572753906,324.8336598616772,321.4685826836827,324.69629510828605,20557100
2023-10-11,326.12872314453125,326.5211468658979,322.91080072530764,324.94160171688293,20063200
2023-10-12,324.892578125,327.3158329132954,322.4987543689506,324.3137478641537,19313100
2023-10-13,321.5274353027344,327.5119635418574,320.1833385954494,326.0894240178062,21072400
2023-10-16,326.344482421875,329.7782415554048,324.3430830008452,324.7845483540111,22158000
2023-10-17,325.7754211425781,327.1489187170451,321.21343315524064,323.35216723119646,18338500
2023-10-18,323.86236572265625,329.2386627175147,322.0866239478229,326.1973269355328,23153600
2023-10-19,325.0494689941406,330.50423844384994,324.6472250314816,325.86374730098373,25052100
2023-10-20,320.48748779296875,325.63812679181063,319.2905761994472,325.441899996805,25027700
2023-10-23,323.08734130859375,326.4328077015871,318.25065300887303,319.31019990102027,24374700
2023-10-24,324.2743835449219,325.55958807197595,321.3998439502132,325.02979973609047,31153600
2023-10-25,334.2225036621094,339.64784186158397,331.23020990044404,338.4901517493969,55053800
2023-10-26,321.6844177246094,335.1643669777935,320.75238530520863,334.0949997460641,37828500
2023-10-27,323.5680847167969,330.347311140755,322.1847664797221,324.17634594018955,29856500
2023-10-30,330.9261169433594,333.02562998161824,325.54981985866505,327.09993377177346,22828100
2023-10-31,331.7109680175781,332.5841383863149,328.355711175483,332.4369832511366,20265300
2023-11-01,339.5202941894531,340.84475010797416,333.2217857907102,333.35915052507676,28158800
2023-11-02,341.7277526855469,342.22808013928716,338.244921513789,340.66817584467145,24348100
2023-11-03,346.1229553222656,347.6828896003234,340.75647841286957,343.01296696867126,23637700
2023-11-06,349.7823791503906,350.7732736613575,346.66257041725754,346.7606838240873,23828300
2023-11-07,353.7066650390625,355.6001309786841,350.86155596843827,352.59804644995546,25833900
2023-11-08,356.3262023925781,356.98350541576144,353.726331511593,354.8349502754826,26767800
2023-11-09,353.8636474609375,357.8860575764988,353.53987621597344,355.44316251543404,24847300
2023-11-10,362.6736755371094,363.0955302142946,354.23643229337705,354.6484666487655,28042100
2023-11-13,359.740234375,361.49636535118015,358.9749977946541,361.2510968326077,19986500
2023-11-14,363.2622985839844,364.9105258370756,360.3975789598127,363.98831378189556,27683900
2023-11-15,363.4097900390625,366.8111878331865,360.89311508068755,364.99251089097083,26860100
2023-11-16,369.79974365234375,369.97668823321743,363.9111612043172,364.6779510555463,27182300
2023-11-17,363.5867004394531,368.0301447124906,360.78495838643414,367.28300549814645,40157000
2023-11-20,371.0482177734375,372.45399413615905,364.7172740131472,364.9335496074717,52465100
2023-11-21,366.7522277832031,369.848877892723,364.83523819118903,369.30820390562985,28423100
2023-11-22,371.45123291015625,373.358382009187,368.6200000208417,371.5986867063138,23345300
2023-11-24,371.038330078125,371.56919374191403,368.78713213501106,370.9400175476793,10176600
2023-11-27,372.1983642578125,374.1940157538783,369.8292031236525,370.39936783626126,22179200
2023-11-28,376.2191467285156,376.51405435302496,371.75602133936184,371.9428061684763,20453100
2023-11-29,372.4343566894531,377.79204546279357,371.0482307864117,377.2612117132878,28963400
2023-11-30,372.4932556152344,373.65326540424974,369.11150877208047,372.0803550119597,30554400
2023-12-01,368.1678466796875,371.75602952719976,365.0220252786822,370.37974391455106,33040500
2023-12-04,362.88873291015625,363.26227251698964,356.7543851446723,362.84940189862635,32063300
2023-12-05,366.21148681640625,366.76200100247496,359.4283420231669,360.24430304947185,23065000
2023-12-06,362.5545349121094,367.84343196383037,361.79758529719794,367.214285660699,21182100
2023-12-07,364.6681213378906,365.15965403682253,360.11652374565716,361.99418225567007,23118900
2023-12-08,367.8925476074219,368.11863343182006,361.99415565369594,362.9477302195792,20154400
2023-12-11,365.0121154785156,365.30705305410225,359.90019417682373,362.239894272933,27708800
2023-12-12,368.0400085449219,368.079339558926,364.1863791933993,364.5697890781994,24838300
2023-12-13,368.0301818847656,371.2448248811306,364.4911405130115,369.65223376326037,30955500
2023-12-14,359.7331237792969,367.430542857679,357.9636180145618,366.98815141610726,43277500
2023-12-15,364.45184326171875,366.09354566450713,360.0771902707865,360.6375447439286,78502300
2023-12-18,366.33929443359375,366.68337330414107,362.4365238179664,363.1935033333252,21802900
2023-12-19,366.93896484375,366.93896484375,363.5768683048988,365.1989200557806,20603700
2023-12-20,364.3437194824219,369.66210727216645,364.2552471902659,368.649551038678,26316700
2023-12-21,367.21429443359375,368.0695566165207,363.7735651914328,366.2508794455086,17708000
2023-12-22,368.2366027832031,368.8264479888416,366.39827539290235,367.3518499751321,17107500
2023-12-26,368.3153076171875,370.5566956584925,367.1749480872917,368.6495462723812,12673100
2023-12-27,367.7352600097656,368.70848509896524,366.49658807749455,367.36169037934906,14905400
2023-12-28,368.9247741699219,370.0847841167637,367.82374574574834,369.01324645392424,14327000
2023-12-29,369.6719055175781,370.77293391810167,367.15526060187455,369.6325745030526,18730800
2024-01-02,364.5894775390625,369.5342955375811,360.55890320609336,367.528833625427,25258600
2024-01-03,364.32403564453125,366.93899315410624,362.26943260145976,362.760965291212,23083500
2024-01-04,361.7091369628906,366.78175874623196,360.9521872978416,364.3929166857035,20901500
2024-01-05,361.5223083496094,365.7593179114421,360.29347657411785,362.72164936252017,21004600
2024-01-08,368.34478759765625,368.8461605661577,362.76098316710153,363.04605054064757,23134000
2024-01-09,369.4261169433594,369.6227120026067,364.90401056986224,365.7101313148608,20830000
2024-01-10,376.28790283203125,377.66421828465786,369.94714950002793,369.99629076586194,25514200
2024-01-11,378.1164245605469,384.0639578363486,373.9383968872458,379.4632192692285,27850800
2024-01-12,381.8914489746094,382.0978843256019,378.13613163335935,378.9619030381072,21661200
2024-01-16,383.6609191894531,387.3572546583597,381.0558019045163,386.9935252639614,27202300
2024-01-17,382.87451171875,383.5036580222972,378.29342300551,381.40975376136174,22234100
2024-01-18,387.19989013671875,387.31785316200103,383.5133955928003,385.0863059316927,23392100
2024-01-19,391.918701171875,391.918701171875,386.83623978929575,389.05797722162475,29331100
2024-01-22,389.7952880859375,393.8356726529961,386.9247237943795,393.2458273875224,27016900
2024-01-23,392.144775390625,392.61665757487873,387.2589392356876,389.04812543344485,20525900
2024-01-24,395.7428283691406,398.7608465253621,393.66857465315076,394.7401124022686,24867000
2024-01-25,398.0136413574219,400.1174154899957,395.7132721662268,397.4729674452485,21021200
2024-01-26,397.089599609375,399.291686504724,395.6150015101639,397.52215078520555,17803300
2024-01-29,402.7816162109375,403.0372228528321,397.48287852415115,399.1835927169166,24510200
2024-01-30,401.6706848144531,406.05514806143475,399.56694047651416,405.27854800251134,33477600
2024-01-31,390.8471374511719,408.28673844568766,390.48340804499526,400.06829591373173,47871100
2024-02-01,396.942138671875,401.0906757831929,394.9956584155895,395.02514917701313,30657700
2024-02-02,404.2561340332031,405.66191028214797,396.7258498594463,396.9716161967069,28256700
2024-02-05,398.7804870605469,404.19718719885634,397.14859484100157,402.95851515251775,25352300
2024-02-06,398.6231689453125,401.06118187336995,396.0868734804641,399.0065788415849,18382600
2024-02-07,407.03826904296875,407.2840354244705,400.50088929517665,400.54022031643507,22340500
2024-02-08,407.09716796875,408.5226246925269,405.5439379531735,407.03818644922006,21225300
2024-02-09,413.4281311035156,413.693577955035,408.060602560808,408.2178966207668,22032800
2024-02-12,408.2277526855469,413.61493194410616,407.7263797250581,413.43798737008973,21202900
2024-02-13,399.4390869140625,403.12558166924816,396.55871287886254,398.0824520440308,27824900
2024-02-14,403.29986572265625,403.6445808998677,398.454256564083,401.9013482236895,20401200
2024-02-15,400.4141540527344,402.94531135993617,398.17847977076707,401.97028650604454,21825500
2024-02-16,397.95196533203125,402.11803273676423,397.3413424619827,401.7930043986709,22296500
2024-02-20,396.701171875,398.3754555316585,391.99343067715284,397.1443513475326,24307900
2024-02-21,396.100341796875,396.20869458459015,391.2153292491478,394.12074688500724,18518900
2024-02-22,405.42718505859375,406.5893400835542,402.393757864311,403.9892639250621,27009900
2024-02-23,404.1369934082031,409.57353818458586,402.7877081506477,409.3864380168882,16295900
2024-02-26,401.3793640136719,405.92952022656453,401.2020621700657,405.24008986741234,16193500
2024-02-27,401.32025146484375,402.1475498168189,397.74512033420825,401.8225215015325,14835800
2024-02-28,401.5566711425781,403.112773728935,399.1929569344221,402.00970910221264,13183100
2024-02-29,407.38714599609375,407.93867824413843,399.7838456551883,402.4627294555139,31947300
2024-03-01,409.218994140625,409.583396137478,404.6688382927548,405.0529271345384,17823400
2024-03-04,408.6477966308594,411.04105586312363,406.08709401097116,407.1901585103068,17596000
2024-03-05,396.5632629394531,407.9879154671031,394.58366790374333,407.7022908884421,26919200
2024-03-06,396.01171875,399.03531766594347,392.36766860816914,396.87842085481464,22344100
2024-03-07,402.9551696777344,403.5854793634372,396.159450830879,399.98080286179095,18718500
2024-03-08,400.07928466796875,404.21580644025056,398.2178408535662,401.79297194630584,18002200
2024-03-11,398.40496826171875,399.54743645794565,395.19426925023413,397.6564774172096,16120800
2024-03-12,409.0023498535156,409.28797443620516,400.64069996356216,401.4581399062547,22457000
2024-03-13,408.8250732421875,411.85850065118984,405.2302551257752,411.7797232101297,17115900
2024-03-14,418.7921447753906,421.35284777476636,411.6714265612386,413.887414339423,34157300
2024-03-15,410.1251220703125,416.2116937258995,406.54999083820695,412.95173236718284,45079900
2024-03-18,411.0115051269531,414.3699607798189,407.52500983634934,407.9879061886506,20106000
2024-03-19,415.0396728515625,415.295752126201,409.2682411150174,411.5137738248201,19837900
2024-03-20,418.80194091796875,419.5208864985866,414.3010169757645,415.62075700500156,17860100
2024-03-21,422.87933349609375,424.3074262893576,420.7027498405441,423.3323713938263,21296200
2024-03-22,422.25885009765625,423.3619145681295,419.62922855755534,423.2043596919927,17648500
2024-03-25,416.4677429199219,420.9489800236463,415.2366387798196,418.8117700116772,18060500
2024-03-26,415.2760314941406,419.55042134825453,414.98057853086766,419.17616089060704,16725600
2024-03-27,415.0593566894531,418.0337234540762,412.67595596490696,418.02386500319915,16705000
2024-03-28,414.360107421875,415.4927172172239,412.78428811448583,414.5964697982947,21871200
2024-04-01,418.1518859863281,421.4217055688743,415.83740435240986,417.5412631842415,16316000
2024-04-02,415.0692443847656,415.9950371448598,411.52365828826186,413.7593326884334,17912000
2024-04-03,414.0942077636719,416.8617275140834,412.75475080677563,413.3850905644336,16502300
2024-04-04,411.56298828125,422.18988621472164,411.2576768997913,418.56549326768885,19370900
2024-04-05,419.0875549316406,420.0626098925823,411.99641280038685,413.6608680769513,16554800
2024-04-08,418.1716003417969,420.8209388461148,416.9010924581036,418.7428494922185,14272400
2024-04-09,419.8360900878906,421.2740114208572,415.246529885916,419.9936750369666,12496900
2024-04-10,416.8617248535156,417.6200741918698,413.3555426286193,415.80789248455,16216600
2024-04-11,421.4610900878906,422.8793243997448,415.9752830660833,419.3830008173104,17966400
2024-04-12,415.52227783203125,418.75269400595073,413.4244714952131,417.6397710155257,19253800
2024-04-15,407.38714599609375,420.36790078356154,407.18029886088704,420.15122525352587,20273500
2024-04-16,408.3128967285156,412.07515806913636,407.47576998606934,408.3030683339737,16765600
2024-04-17,405.6143493652344,412.5479364642673,404.127165910336,410.9425718180864,15855500
2024-04-18,398.15875244140625,405.66358827577534,397.8436126348303,404.4226257260466,21029900
2024-04-19,393.0866394042969,399.35051316442866,391.7570408652649,397.9224202787546,30565800
2024-04-22,394.8988037109375,396.7602475945419,389.76757007965125,394.0321015888098,20286900
2024-04-23,401.408935546875,402.02941689941457,396.9671017838586,398.12925698523895,15734500
2024-04-24,402.87640380859375,406.2348598310944,400.63087084430157,403.36884551178287,15065300
2024-04-25,393.00787353515625,393.84503042188726,382.16429787123263,388.0735981687377,40586500
2024-04-26,400.177734375,406.7567466964452,399.6262022077081,405.93930689514616,29694700
2024-04-29,396.1693115234375,400.17779380940664,393.1555709987601,399.12396145400385,19582100
2024-04-30,383.44464111328125,396.0807119739039,383.2870862186978,395.4208268707794,28781400
2024-05-01,388.9698181152344,395.6473257764034,384.4098035661703,386.6750231640028,23562500
2024-05-02,391.8259582519531,393.88436068854867,388.68417820234623,391.6486864760746,17709400
2024-05-03,400.51263427734375,400.99521746175435,395.7851765465019,396.1988407447482,17446700
2024-05-06,407.28863525390625,407.67272409935384,400.2270089943109,402.5808944329267,16996600
2024-05-07,403.152099609375,408.40154408083737,402.9058788007464,408.39168563049185,20018200
2024-05-08,404.3340148925781,405.9984701419799,400.56189486819255,401.9998461853561,11792300
2024-05-09,406.08709716796875,406.48104448418644,402.91577167959764,404.3635513602943,14689700
2024-05-10,408.47052001953125,409.1008598045123,405.5749605018169,406.6977419727187,13402300
2024-05-13,407.4659118652344,412.02592626132173,404.6097563640546,411.6910695528216,15440200
2024-05-14,410.26300048828125,411.1789347782618,405.3287253515243,405.79162172220066,15109300
2024-05-15,417.43597412109375,418.1562465444383,411.7034836524185,412.3250840833171,22239500
2024-05-16,415.3739013671875,419.7448271840896,414.74245474989345,416.1730933998144,17530100
2024-05-17,414.6042785644531,417.27814812423264,412.45336756995647,416.90321260748334,15352200
2024-05-20,419.6658630371094,421.07677928196154,414.3872272445279,414.6042935983872,16272100
2024-05-21,423.3165283203125,427.1940941013643,419.1824213563369,421.13598848639515,21453300
2024-05-22,424.7767639160156,426.6415653807663,421.43200286988593,424.35250743086516,18073700
2024-05-23,421.3037109375,427.8156712738496,419.7448017896618,427.194070817087,17211700
2024-05-24,424.42156982421875,425.30955759417924,418.7482761527639,421.49118910602255,11855300
2024-05-28,424.57940673828125,425.0727365852693,420.9090314722718,423.8986091406006,15718000
2024-05-29,423.44476318359375,425.19114003957617,420.0111765352336,420.0111765352336,15517100
2024-05-30,409.1382141113281,418.639722265152,408.7139275324575,418.639722265152,28394500
2024-05-31,409.5920715332031,411.19045552886206,399.1137496856911,411.19045552886206,47995300
2024-06-03,408.0035705566406,410.8747543349761,403.4649593325196,409.98676649158153,17484700
2024-06-04,410.51953125,410.88459054146256,404.21476096620233,406.9280752908703,14348900
2024-06-05,418.3536682128906,418.4227115210052,410.74649880657006,412.2363648709012,16988000
2024-06-06,418.8567810058594,419.6362506295676,414.9693392305099,418.35360501475236,14861300
2024-06-07,418.1957092285156,420.5932850120117,417.3570424827578,420.5143654866237,13621700
2024-06-10,422.162109375,422.36929949498546,418.2352227759558,419.0344147777948,13982900
2024-06-11,426.90789794921875,427.0460447557695,419.5770238420523,419.8039664054727,14551100
2024-06-12,435.1761779785156,437.48495834500466,427.47036718999846,429.51276024474697,22366200
2024-06-13,435.689208984375,437.4750908737884,433.508699318619,434.9689666213265,15960600
2024-06-14,436.666015625,437.22841891267086,430.89405002785384,432.43323683903066,13582000
2024-06-17,442.38861083984375,444.9243335295661,434.8406700551031,436.68571890132137,20790000
2024-06-18,440.3857116699219,444.1350368072149,438.95507309068336,443.7107502283828,17112500
2024-06-20,439.7542419433594,440.5731562487516,435.383316572412,440.34621367715397,19877400
2024-06-21,443.77984619140625,444.569161991758,440.5534794666223,441.4118686798834,34187100
2024-06-24,441.6980285644531,446.71024735686916,440.45482751735335,443.79958875342635,15913700
2024-06-25,444.9342041015625,445.3979353653379,440.79022131418793,442.27021086532676,16413400
2024-06-26,446.1280822753906,447.5488747436615,442.21104180989477,443.0102338094888,16507000
2024-06-27,446.8088684082031,450.0845859651154,445.74325902922413,446.14779313508967,14806300
2024-06-28,440.9876403808594,449.30517584788765,440.45483562080426,447.0259939599186,28362300
2024-07-01,450.63714599609375,451.2685926172397,439.71481466960876,442.67479410049566,17662800
2024-07-02,453.153076171875,453.45893827703065,447.0653724350894,447.15419830732895,13979800
2024-07-03,454.6231994628906,454.869864398923,451.7717684597979,452.07763057164084,9932800
2024-07-05,461.3226013183594,462.1020709028193,452.8471982115864,453.4786447544731,16000300
2024-07-08,460.020263671875,461.4608086849496,458.26401040115894,460.3261258064599,12962300
2024-07-09,453.4096374511719,461.09569535136285,451.89017298008986,460.77011087707854,17207200
2024-07-10,460.0301513671875,460.2373415030919,452.7387206812327,455.06725356597207,18196100
2024-07-11,448.6341857910156,458.5797024992354,445.526183591136,456.8037270511313,23111200
2024-07-12,447.49951171875,450.2720231711714,444.6382045032453,448.2691051092715,16324300
2024-07-15,447.904052734375,451.1600479833261,445.40780476541227,447.2528536845848,14429400
2024-07-16,443.5233154296875,448.23954820722287,440.7014827721708,448.1606286695201,17175700
2024-07-17,437.60333251953125,438.9156068819966,433.3212327097638,436.68574615539535,21778000
2024-07-18,434.4953918457031,438.7182947848892,428.6050313568636,438.4124326412694,20794800
2024-07-19,431.2788391113281,435.2551069043024,426.23702212212055,427.3223538949878,20940400
2024-07-22,437.03106689453125,438.6689256733767,433.05482935357276,435.89641421757136,15808800
2024-07-23,438.9156494140625,442.4084337865644,437.1889946406873,437.97831049289954,13107100
2024-07-24,423.1783752441406,435.5905721860423,421.88585333621705,434.5743138131604,26805800
2024-07-25,412.81842041015625,424.0663351847354,411.94030891768244,423.0796754657291,29943800
2024-07-26,419.59674072265625,423.19807255246826,411.70346348114055,412.6210798444187,23583800
2024-07-29,421.0373229980469,426.38500194360023,419.0344049240428,425.8225986635412,15125800
2024-07-30,417.2781982421875,423.32639784774454,411.79234175836467,422.0141534919779,32687600
2024-07-31,412.7691650390625,416.15340118634725,406.71105894897664,414.8904777498154,42891400
2024-08-01,411.545654296875,421.7575892383458,407.57929274476925,415.1765852410534,30296400
2024-08-02,403.0406494140625,409.46381430513844,398.9460172931046,406.98728858808795,29437900
2024-08-05,389.87860107421875,395.6900415573509,380.43625987349014,383.9783949357412,40709200
2024-08-06,394.27911376953125,400.2582999432438,393.18393582915473,394.6639255499671,24946500
2024-08-07,393.1148376464844,404.6094177317887,392.16765271577526,403.18865539095805,20650900
2024-08-08,397.31805419921875,400.4457490366174,394.6047396336136,397.0713892387092,20203000
2024-08-09,400.60357666015625,402.6064947272633,396.89375651412195,398.64013341356633,19276700
2024-08-12,401.383056640625,403.30705522680034,398.84733381774834,401.6297215819056,16762900
2024-08-13,408.4870300292969,409.41449264240543,404.10625814496586,404.1259805010332,19414300
2024-08-14,411.2989807128906,412.14752377963794,406.9478375879701,409.26646397851016,18267000
2024-08-15,416.162109375,416.2411711538097,412.8310776655769,414.94631960204117,20752100
2024-08-16,413.6317138671875,416.46852653153576,412.4752279591184,415.73709195319884,22775600
2024-08-19,416.6563415527344,416.8737991572246,411.6449527797598,414.11604821044875,15234000
2024-08-20,419.8884582519531,420.9362001385317,416.7650206580202,416.82432452595975,16387600
2024-08-21,419.23614501953125,421.46999458583696,416.8441115746798,419.17681098270833,16067300
2024-08-22,410.7454833984375,421.8555493177983,409.8163490739685,419.45362155809136,19361900
2024-08-23,411.97113037109375,414.41257372157986,407.32545916499066,412.15893602611095,18493800
2024-08-26,408.7092590332031,412.4554478665689,406.58412315782203,411.55596557862424,13152800
2024-08-27,409.0552062988281,409.5691832347041,405.5067172557128,408.0865261332207,13492900
2024-08-28,405.8526916503906,410.201813276276,402.60072184118246,410.0832055301203,14882700
2024-08-29,408.34356689453125,417.17031240351145,405.85271359636084,410.14253158113485,17045200
2024-08-30,412.3171081542969,412.663037378181,407.3650233246306,410.7949049431994,24308300
2024-09-03,404.70611572265625,415.02541234976394,402.32397617802485,413.0781880012741,20313600
2024-09-04,404.17236328125,406.4853049884444,399.6947395600007,401.2169427939581,15135800
2024-09-05,403.6682434082031,408.3237783354607,401.4343636867301,402.9071267784607,14195500
2024-09-06,397.05560302734375,405.9021060614487,396.165984591682,404.33049307771034,19609500
2024-09-09,401.02911376953125,403.9252302108811,397.5003824546475,402.5315288470681,15295100
2024-09-10,409.4111022949219,411.5164502597468,402.9862541865475,403.48047327180706,19594300
2024-09-11,418.14886474609375,419.0878628478116,404.8444661227044,410.6960329818373,19266900
2024-09-12,422.06304931640625,422.4287665702525,414.8968734205188,418.4157104817343,17395700
2024-09-13,425.611572265625,426.83722589839596,420.5408798146308,420.9065970976519,15874600
2024-09-16,426.3529052734375,428.517587221267,423.2689830915265,425.6214706998335,13834700
2024-09-17,430.1188659667969,436.741413807479,427.2721591954558,435.1401487897844,18874200
2024-09-18,425.82904052734375,430.9886889198146,425.43367129700556,429.9705988234429,18898000
2024-09-19,433.6179504394531,436.3954593302787,431.84863763952944,436.1285918792357,21706600
2024-09-20,430.23748779296875,434.161588684006,429.1996397408119,432.16495436382024,55167100
2024-09-23,428.4978332519531,431.41370770372646,425.4139110417271,429.2589197702658,15128900
2024-09-24,424.2080383300781,428.33970279345715,421.17352579677157,427.9937433882553,17015800
2024-09-25,427.114013671875,428.11234590086275,423.6149641825675,424.8603757953974,13396400
2024-09-26,426.3232727050781,430.2671314248125,424.1684846935021,430.0595678513369,14492000
2024-09-27,423.0712585449219,426.85699330507344,422.52762966372916,426.5307918445686,14896100
2024-09-30,425.3249206542969,425.4435585697777,420.4519278512811,423.2590885562286,16807300
2024-10-01,415.8260498046875,423.52599147760804,413.9677812470877,423.49633953955015,19092900
2024-10-02,412.30718994140625,417.93140514988795,411.89203266645677,417.6941594936009,16582300
2024-10-03,411.72406005859375,414.69923855591765,409.5000740881514,412.8014540867281,13686400
2024-10-04,411.2495422363281,414.89688113885154,410.172148356534,413.40432999591644,19169700
2024-10-07,404.80499267578125,412.287446994849,404.27122759664127,411.1902950616205,20919800
2024-10-08,409.9151916503906,410.8542199929417,403.4508276328713,406.14924457508937,19229300
2024-10-09,412.63336181640625,415.51961434814075,409.5098937927917,411.0518548194861,14974300
2024-10-10,411.0321350097656,412.5246863355552,408.37323385448985,410.4292021904471,13848400
2024-10-11,411.506591796875,412.30722431233596,408.4720793339732,411.32868016338136,14144900
2024-10-14,414.29400634765625,419.1373475498946,412.6927111070291,412.9398206598447,16653100
2024-10-15,413.8985595703125,417.59533856944756,410.45881429415135,417.2987890411578,18900200
2024-10-16,411.3088684082031,411.5460839058675,405.7340930599272,410.36987028679,15508900
2024-10-17,411.9019470214844,417.61511832115826,410.78500708577025,417.4767225011017,14820000
2024-10-18,413.3253173828125,414.79808063402476,411.44729085370335,412.3171212877513,17145300
2024-10-21,413.9380798339844,414.1159914410674,408.96623771559626,411.3088310363951,14206100
2024-10-22,422.56719970703125,425.60168187753965,413.2066892964129,413.6514683614362,25482200
2024-10-23,419.6908264160156,426.09588604624633,417.64475229425324,425.87842845603865,19654400
2024-10-24,419.81939697265625,421.05494480926234,417.516318912967,420.4124358024335,13581600
2024-10-25,423.19976806640625,427.5192377532194,421.63804913504384,421.8258547879259,16899100
2024-10-28,421.6578369140625,426.94598717649535,421.3711813975522,426.669225694439,14882400
2024-10-29,426.9558410644531,428.16173672961014,420.8769227357868,423.05149857942604,17644100
2024-10-30,427.5291442871094,433.43012114532394,427.10412312962825,432.38237913794643,29749100
2024-10-31,401.65185546875,411.3484314804884,401.60241546152275,410.55766284750285,53971000
2024-11-01,405.6253662109375,410.69605883957496,402.78855349489004,404.2811047814158,24230400
2024-11-04,403.7374572753906,405.6748178590432,400.88088657331804,405.06196083886334,19672300
2024-11-05,406.7027282714844,410.1029577159873,403.36180269923256,403.64845819160416,17626000
2024-11-06,415.3219299316406,415.58882753455555,405.77361389082967,407.65167048638625,26681800
2024-11-07,420.51123046875,421.91482589939426,415.0254108601489,416.40921822256973,19901800
2024-11-08,417.6546325683594,421.568838898406,416.90340997880253,420.4024892096892,16891400
2024-11-11,413.1770324707031,419.89839969038087,411.1902621762221,417.6348679260246,24503300
2024-11-12,418.1390075683594,419.5327090402253,412.37642617579047,413.4142742125201,19401200
2024-11-13,420.283935546875,424.3661599826618,413.3747320030266,416.76509796101305,21502200
2024-11-14,421.9543762207031,423.21957584577814,415.14402288993426,420.086213638624,30246900
2024-11-15,410.20184326171875,417.91164897279026,408.85758182070697,414.9661225121513,28247600
2024-11-18,410.9530334472656,413.5624943414024,407.33534638732004,410.07330906060787,24727000
2024-11-19,412.9595642089844,413.10782389174204,406.79168992363145,408.3336509537854,18133500
2024-11-20,410.6861267089844,412.4653333453386,405.8328921341125,412.0501760807684,19191700
2024-11-21,408.913330078125,415.7571129679985,406.35806834126146,415.4797975064388,20780200
2024-11-22,413.00372314453125,413.39988374041405,407.1206461090675,407.4276728377604,24814600
2024-11-25,414.776611328125,417.0446437711569,410.87436717729366,414.37053686089325,27691100
2024-11-26,423.8883972167969,424.92835279721186,414.8360050762814,415.56890369905886,23458900
2024-11-27,418.93634033203125,423.13572759358533,417.97563494679554,421.03601885024915,18332400
2024-11-29,419.4018249511719,420.808229889217,413.7960631011275,416.06412568619913,16271900
2024-12-02,426.84979248046875,428.8504232970242,417.27244986667705,417.52996787602956,20207200
2024-12-03,427.0676574707031,428.32547569363487,423.6407942127541,425.72067515411175,18302000
2024-12-04,433.22802734375,435.4564646159383,428.48392353237045,428.8800841135143,26009400
2024-12-05,438.3782043457031,440.3986627358307,431.9900352112823,433.72326431540773,21697800
2024-12-06,439.3191223144531,441.82487523918803,437.5363542028089,438.0612738202398,18821000
2024-12-09,441.74560546875,444.03346541962105,436.2785166631167,438.3583975889403,19144400
2024-12-10,439.0814208984375,445.31115038441584,437.36801935702954,440.13129040416726,18469500
2024-12-11,444.68719482421875,446.0341772846715,439.7945337941877,439.7945337941877,19200200
2024-12-12,445.251708984375,451.7884649521135,444.8060093995974,444.8060093995974,20834800
2024-12-13,442.9836730957031,447.1038102558032,441.30986642987745,444.14247395093605,20177800
2024-12-16,447.26226806640625,447.8466102847365,441.0127411892908,442.9836607244317,23598800
2024-12-17,450.1047058105469,450.9267684894764,445.26158450169066,446.6877867800923,22733500
2024-12-18,433.19830322265625,448.31203901010963,432.83182371521207,446.9947983161777,24444500
2024-12-19,432.841796875,438.93285336164837,432.1386095010433,437.38780577162396,22963700
2024-12-20,432.4158935546875,439.48745236080407,424.5222720446017,428.95931906801104,64263700
2024-12-23,431.078857421875,433.4558513948008,428.6820357713906,432.5545685943141,19152500
2024-12-24,435.11968994140625,435.3871217541817,430.0289645876171,430.4845477379295,7164500
2024-12-26,433.9114074707031,436.7143034093448,432.44561022869516,434.8721127935591,8194200
2024-12-27,426.4040832519531,431.04913980352325,422.2641488688207,430.4350863105853,18117700
2024-12-30,420.7586975097656,423.45263204127576,417.8567839421245,421.9769208859116,13158700
2024-12-31,417.46063232421875,422.6405224628075,416.62868593663666,422.0165551158413,13246500
2025-01-02,414.568603515625,421.9868450538027,410.8743686174563,421.45201157982797,16896500
2025-01-03,419.29290771484375,419.9663838035234,415.5194225803269,417.0446425061394,16662900
2025-01-06,423.74981689453125,430.1578145419989,421.40253400888804,423.8983733635364,20573600
2025-01-07,418.3222961425781,426.52294519780327,416.7673346717813,424.88876369017254,18139100
2025-01-08,420.49127197265625,422.87817962096636,417.50022470253026,419.40180766065134,15054600
2025-01-10,414.93505859375,420.63983782074297,411.042698272716,420.56061778951556,20201100
2025-01-13,413.1919250488281,414.48936844362913,408.3388895039501,411.2606004893305,17604800
2025-01-14,411.6865234375,415.71749643981025,406.78394867710017,413.805999460752,16935900
2025-01-15,422.2245178222656,424.04688082339095,414.2615595275802,415.11333355996726,19637800
2025-01-16,420.5110778808594,425.3740271428382,420.3229265289763,424.5916197701724,15300000
2025-01-17,424.91845703125,430.31623990051855,424.06671321451194,429.9299628963343,26197500
2025-01-21,424.3935241699219,426.7705180269004,421.52132200002626,426.0772445238866,26085700
2025-01-22,441.9239196777344,442.98364251820686,431.82165779523024,433.366705345479,27803800
2025-01-23,442.4289855957031,442.46861072225846,437.26892363486763,437.7641319289048,18389300
2025-01-24,439.8044128417969,442.3695883246394,437.169900939795,440.89387719602587,15549500
2025-01-27,430.3954772949219,431.02935848885954,419.4414710475572,419.94659323490635,35647800
2025-01-28,442.9143371582031,444.08302154903276,427.24593852989443,430.43508134605355,23491700
2025-01-29,438.0909729003906,442.5973866839753,436.17947606614763,442.409205107017,23581400
2025-01-30,411.01300048828125,418.8075747745586,409.20055129765046,414.75677425796516,54586300
2025-01-31,411.0823059082031,416.65835612531487,410.93374946527524,414.96475222570615,34161900
2025-02-03,406.98199462890625,411.4289554040879,404.74364348455,407.6554706497357,25679100
2025-02-04,408.4180908203125,409.9532546940812,405.81329031153365,408.7350313881363,20532100
2025-02-05,409.3293151855469,409.8641184268012,406.4669964929513,408.39832109505767,16316700
2025-02-06,411.83502197265625,414.1922182257068,410.03245657619226,410.03245657619226,16309800
2025-02-07,405.8232116699219,414.63791357819275,404.1890302854019,412.48872643025265,22886800
2025-02-10,408.2695617675781,411.47850211303046,406.9820321839411,409.74527293691693,20817900
2025-02-11,407.49700927734375,408.53693461973535,405.37750324031913,405.71427148321067,18140600
2025-02-12,405.1200256347656,406.813629604169,400.4947666868975,403.30754628100544,19121700
2025-02-13,406.60565185546875,407.0612350423618,402.46568736983716,403.0995685212682,23891700
2025-02-14,404.5158386230469,404.99124946496545,401.99028842093395,403.88198772560423,22758500
2025-02-18,405.71429443359375,406.66508596257455,402.60437161832556,404.08999660584703,21423100
2025-02-19,410.79510498046875,411.5082061808428,403.7433432351679,403.97114994678657,24114200
2025-02-20,412.968505859375,416.1243389128722,409.40578409861945,412.134891295379,23508700
2025-02-21,405.108642578125,414.8738801834256,404.79109677447474,414.16928284227896,27524800
2025-02-24,400.9306335449219,406.25983043716724,396.2861968407472,405.4063787741937,26443700
2025-02-25,394.876953125,398.8664306026397,393.6860882830661,398.05265327493277,29387400
2025-02-26,396.6930847167969,400.53367776380867,391.25470780563023,394.9861511086002,19619000
2025-02-27,389.5477600097656,402.657388820498,389.1905096396701,398.22134834414993,21127400
2025-02-28,393.973876953125,394.6090291195634,383.6330593862238,389.67678725566606,32845700
2025-03-03,385.5384521484375,395.7899873220531,383.2261675615013,395.7899873220531,23007700
2025-03-04,385.6575622558594,389.5974018138781,378.10539295987144,380.487153157592,29342900
2025-03-05,397.9732666015625,398.61835249883035,385.85603973587394,386.3820118850688,23433100
2025-03-06,393.8746643066406,399.09468114787944,389.6966277473878,391.28447789138556,23304600
2025-03-07,390.32183837890625,391.80050846371955,382.61088158953936,389.33936956128906,22034100
2025-03-10,377.2717590332031,383.4643412864511,374.3540930979484,382.90859827837613,32840100
2025-03-11,377.5595703125,383.0673924681545,374.0464567305875,376.1205744700273,30380200
2025-03-12,380.3581237792969,382.2933209136247,376.0709676751301,380.0405779726452,24253600
2025-03-13,375.8923034667969,382.3925583494832,374.58235511618193,380.2489652043101,20473000
2025-03-14,385.60797119140625,387.26529694232573,376.6267393248206,376.89467713741107,19952800
2025-03-17,385.7468566894531,389.72637004614455,382.6406320765131,383.7620517263702,22474300
2025-03-18,380.6062316894531,384.4269877309022,378.2046343736099,384.1292790671939,19486900
2025-03-19,384.8735656738281,386.719419886704,381.0825806498319,382.60095534567967,19185500
2025-03-20,383.9010009765625,388.8134057411041,380.36805030146087,382.8093521082507,18470500
2025-03-21,388.2874450683594,388.76377892625936,379.8916973941909,380.3085198055768,39675900
2025-03-24,390.09356689453125,392.39594799568545,386.8484215764684,392.39594799568545,21004500
2025-03-25,392.1578063964844,393.34867131877104,389.65696280253144,390.9272368910712,15775000
2025-03-26,387.0072326660156,392.30665877239477,385.61787512073846,391.99901639757354,16108400
2025-03-27,387.6125793457031,389.259971232933,384.4567464670721,387.1660163642304,13766800
2025-03-28,375.92205810546875,386.1735929782764,374.06627026028934,385.1315521729189,21632000
2025-03-31,372.5379943847656,374.20522334023684,364.449889664545,369.7096411618319,35184700
2025-04-01,379.2863464355469,379.9413357760227,370.3944277527412,371.80362246362756,19689500
2025-04-02,379.23675537109375,382.1543912389325,373.75867347343586,375.0984230803946,16092600
2025-04-03,370.2752990722656,374.61212363444304,366.54388609690864,371.9425583652147,30198000
2025-04-04,357.1061096191406,371.7440463979536,356.7488592586341,361.36352479616664,49209900
2025-04-07,355.14117431640625,368.1813588125757,342.17049555544185,348.2142236601539,50425000
2025-04-08,351.8662414550781,370.8112022714622,347.5889889390993,365.46216834014683,35868900
2025-04-09,387.52325439453125,390.24245792204835,350.41733953240174,350.85399906862426,50199700
2025-04-10,378.4527282714844,380.9833427250372,365.0056552003408,379.1573256201752,38024400
2025-04-11,385.498779296875,387.0865991344375,376.0114134245454,377.7481178718862,23839200
2025-04-14,384.8636474609375,391.651677567929,381.29099206627785,390.23254912743425,19251200
2025-04-15,382.7994689941406,388.91267269542334,381.24138963056953,385.558347033726,17199900
2025-04-16,368.7867126464844,378.71073856569086,365.2041538267982,377.7779079921512,21967800
2025-04-17,364.9858093261719,371.4761304955969,364.10258680355696,370.9104537724408,21120200
2025-04-21,356.3916015625,361.71089501866106,352.9678309109542,360.0635031391147,20807300
2025-04-22,364.0331115722656,364.9758758256959,357.12596800122816,360.6192443688487,19485000
2025-04-23,371.54559326171875,377.50000836988784,370.1859763720142,373.20288850682186,20545500
2025-04-24,384.3575134277344,385.49880064204365,372.33953252384407,372.84566753938213,22232300
2025-04-25,388.87298583984375,389.18062823957763,381.67806660180736,384.05982691311567,18973200
2025-04-28,388.1882019042969,389.7561846754867,383.7025530868883,388.9821118643913,16579400
2025-04-29,391.04632568359375,392.0982700078575,387.41412856396244,388.32712198825146,14974000
2025-04-30,392.2570495605469,393.6464071015826,381.5192464831796,387.3347110069874,36461100
2025-05-01,422.16802978515625,433.669971462135,421.67182852064957,427.8346397458207,58938100
2025-05-02,431.97296142578125,436.10135948336034,426.72314369115975,428.4598480759583,30757400
2025-05-05,432.8562316894531,436.1609188409604,428.827049490993,429.58128511716615,20136100
2025-05-06,430.0179443359375,434.4043769104007,427.8942186382879,428.91639204817295,15104200
2025-05-07,430.05767822265625,434.7914277818458,427.83467577616403,430.5439458113932,23295300
2025-05-08,434.8410339355469,440.29924790125443,432.3500938706748,434.60283673184324,23491300
2025-05-09,435.3967590332031,437.3914674607305,432.5684058555715,436.6570993033328,15324200
2025-05-12,445.8467712402344,445.9559209816134,436.43878433354007,442.551987565255,22821900
2025-05-13,445.72772216796875,447.24609694771215,441.9764112331301,444.37803887168343,23618800
2025-05-14,449.49884033203125,450.45153835706844,444.735319921121,444.735319921121,19902800
2025-05-15,450.5129089355469,453.5552331837817,447.8284909088357,448.1665235651595,21992300
2025-05-16,451.6463623046875,451.735838870633,446.13838030321216,449.4391826540583,23849800
2025-05-19,456.2197570800781,456.9355998797858,448.1963586877965,448.27591363294266,21336500
2025-05-20,455.5238342285156,455.69283539558984,451.69606398891386,452.9587181303489,15441800
2025-05-21,449.9561462402344,455.1360468945702,449.2005259832327,451.944595050179,19216900
2025-05-22,452.2329406738281,457.5918252828005,451.27849365115543,452.32244757902833,18025600
2025-05-23,447.5799560546875,451.06969358680703,446.3173019248347,447.3811293692874,16883500
2025-05-27,458.02923583984375,458.2877438900054,453.48562310372705,453.8435596609756,20974300
2025-05-28,454.7184753417969,459.84867709346275,454.2909661144885,458.55619745791415,17086300
2025-05-29,456.0308837890625,459.05333474747385,452.68035209769624,458.884303233251,13974800
2025-05-30,457.7011413574219,459.0135248792732,452.90900269221845,457.0648535034259,34770500
2025-06-02,459.3018798828125,459.44105553120437,454.2512329224997,454.49978904014216,16626500
2025-06-03,460.29608154296875,461.4593374660713,458.19825223653834,458.8047449110186,15743800
2025-06-04,461.19085693359375,463.0003525817652,460.3457601448262,461.32011095722316,14162700
2025-06-05,464.9788513183594,466.937474562979,461.34993839523827,462.27455978783877,20131700
2025-06-06,467.66326904296875,470.60616471423765,466.0725039656027,467.3749354769993,15285600
2025-06-09,470.0196228027344,470.69568816704816,465.9134708467471,466.98725027602023,16469900
2025-06-10,468.2001953125,470.06931180763127,464.26304461137784,468.4686249933991,15375900
2025-06-11,469.8903503417969,472.72389606625393,466.9474544926898,467.30536072753216,16399200
2025-06-12,476.1042785644531,477.6453447348738,470.78517145354215,472.276508194471,18950600
2025-06-13,472.2168273925781,476.4124557062983,470.0295518485209,473.6584649544854,16814500
2025-06-16,476.3727111816406,477.91374692205306,472.25660744971805,472.4653860858625,15626100
2025-06-17,475.279052734375,475.97499162724574,471.3419021646973,472.65428568792316,15414100
2025-06-18,477.4663391113281,478.2219594008936,471.71972301658775,475.2392860574369,17526500
2025-06-20,474.6427307128906,480.6677282539423,474.11579298541653,479.4448516392065,37576200
2025-06-23,483.1930847167969,484.932977511559,469.7810065395394,475.44806772339973,24864000
2025-06-24,487.279296875,489.0092679302753,483.9884166007436,486.1260232932434,22305600
2025-06-25,489.4268798828125,491.7036624656625,486.56353883181055,489.1982276680394,17495100
2025-06-26,494.57696533203125,495.1635541172166,489.9637493151316,490.13278082199906,21578900
2025-06-27,493.07568359375,496.4162632322767,490.1824867596744,494.6763704185467,34539200
2025-06-30,494.5372009277344,497.86785899517616,492.4691970236715,494.1693427257206,28369000
2025-07-01,489.2081298828125,495.17347659984546,488.14433277768,493.602615314542,19945400
2025-07-02,488.2536926269531,490.6497772469701,485.87751191483574,487.1600396387865,16319600
2025-07-03,495.95892333984375,497.2414813819725,490.59011735274714,490.95797554637323,13984800
2025-07-07,494.84539794921875,495.8694479262707,492.36978876052433,494.50736527479916,13981600
2025-07-08,493.751708984375,495.3226005030518,491.2561960700141,494.36812324816447,11846600
2025-07-09,500.6019592285156,503.8530622357068,496.85371365827956,497.41047691930333,18659500
2025-07-10,498.58367919921875,501.52657502305914,494.87521114411277,500.14458849842043,16492100
2025-07-11,500.4130554199219,502.1131707269345,494.9249170598048,495.59106078877636,16459500
2025-07-14,500.1147766113281,501.05930198422453,498.1362796464767,498.6234399223271,12058800
2025-07-15,502.89862060546875,505.36427783294863,499.88612172349406,500.11477392946824,14927200
2025-07-16,502.69976806640625,503.793421043838,498.99133023831314,502.2623068754336,15154400
2025-07-17,508.7446594238281,510.40499725185873,502.6997578215743,502.75940886082554,17503100
2025-07-18,507.10418701171875,511.6677041033988,504.499323712682,511.50859420333654,21209700
2025-07-21,507.1141052246094,509.132409924825,502.630143381304,503.7834473494323,14066800
2025-07-22,502.3517761230469,508.2475501614973,502.3517761230469,508.01886761548803,13868600
2025-07-23,502.94830322265625,503.8630030405687,497.80817995491657,503.8232255681408,16396600
2025-07-24,507.92938232421875,510.70324664183266,504.370041868975,505.83155299665924,16107000
2025-07-25,510.7430725097656,515.2965768746373,507.41238413754473,509.51018319793565,19125700
2025-07-28,509.5400085449219,512.0255695622142,507.1737496018482,511.1109000989904,14308000
2025-07-29,509.609619140625,514.6304403339567,508.6054427654301,512.5525452747698,16469200
2025-07-30,510.2757263183594,512.9700963143614,506.4976856980785,512.1945721471376,26380400
2025-07-31,530.418701171875,552.2419382207228,528.8279664536001,552.0231773044421,51617300
2025-08-01,521.0829467773438,532.7054326872741,517.8517174087783,531.9100652869249,28977600
2025-08-04,532.5464477539062,535.1413592423181,525.0798117410876,525.2190177406763,25349000
2025-08-05,524.7019653320312,534.196796907337,524.1949011418618,534.0774948252555,19171600
2025-08-06,521.908203125,528.6291703469228,521.0034855448089,527.8338028961505,21355700
2025-08-07,517.8319091796875,525.0400367197672,514.5608717763297,523.757448292983,16079100
2025-08-08,519.02490234375,521.6297655095517,516.4100872243725,519.5816656001966,15531000
2025-08-11,518.7564697265625,524.542862850504,516.7182612189127,519.2833770884752,20194400
2025-08-12,526.183349609375,527.9132904806338,519.6811434112465,520.7250669698358,18667000
2025-08-13,517.5734252929688,529.6234217995657,516.3703917601634,529.0368026236954,19619200
2025-08-14,519.46240234375,522.9123929469488,517.13595097363,519.5419572956574,20269100
2025-08-15,517.1657104492188,523.0614541020369,516.0820397908819,519.7507304052322,25213300
2025-08-18,514.1134033203125,519.8003983365775,511.0512359172718,518.5775217659684,23760600
2025-08-19,506.8258056640625,512.1846598699071,505.61285057663105,512.0256106523992,21481000
2025-08-20,502.7992248535156,508.0487290990465,501.526618683124,506.92525053820776,27723000
2025-08-21,502.15185546875,505.5278315490841,500.6381609615915,501.6041452591809,18443300
2025-08-22,505.1295166015625,508.6150227226763,500.32946944945456,502.1618461633245,24324200
2025-08-25,502.17181396484375,506.0855321115255,502.0323791323648,504.5319946732823,21638600
2025-08-26,499.96099853515625,502.88882606141556,496.4456179190968,502.2713680297872,30835700
2025-08-27,504.64154052734375,505.18928116929357,497.82986914621193,499.92117896114246,17277900
2025-08-28,507.529541015625,508.9735181763212,503.406670609209,504.99008260275673,18015600
2025-08-29,504.59173583984375,507.4896888132377,502.40083415821226,506.5535790393771,20961600
2025-09-02,503.0282287597656,503.90458943006223,494.75264396148896,498.3974910813857,18128000
2025-09-03,503.2572937011719,505.68719181229375,500.2398424947412,501.70375627159575,16345100
2025-09-04,505.866455078125,506.04570238922344,501.0664078062513,502.2116394820944,15509500
2025-09-05,492.9501647949219,509.8498918622262,490.3310509759443,506.9619070760115,31994800
2025-09-08,496.13690185546875,499.1244784694731,492.9800158612091,496.04724781279185,16771000
2025-09-09,496.34600830078125,500.17010260105087,495.6389570336189,499.3534910580183,14410500
2025-09-10,498.29791259765625,501.1460848531792,494.6630336933239,500.8971201283455,21611800
2025-09-11,498.9352722167969,501.08633106619584,495.8182290284252,500.17012751524385,18881600
2025-09-12,507.7884521484375,510.42747218178897,501.7635178992086,504.55191069082485,23624900
2025-09-15,513.225830078125,513.3353599697668,504.9004642300766,506.68306017742736,17143800
2025-09-16,506.9320068359375,515.0880630075219,506.4938265025834,514.7395367165727,19711900
2025-09-17,507.9079284667969,509.1726886784055,503.8348693472275,508.5054498653079,15816600
2025-09-18,506.3444519042969,510.9453149965379,505.55771489166153,509.37184097126715,18913700
2025-09-19,515.7852172851562,517.1495391803752,508.19677696926453,508.44574170609144,52474100
2025-09-22,512.3196411132812,515.5959951267806,510.41751650985566,513.4549348866175,20009300
2025-09-23,507.1212463378906,512.4590659268906,505.2091838485409,511.67229848312854,19799600
2025-09-24,508.0373840332031,510.35772177145367,504.82077941210207,508.26644250853604,13533700
2025-09-25,504.9303283691406,507.89799878212006,502.94857891661616,506.1950582100621,15786500
2025-09-26,509.3419494628906,511.8116903059077,504.52199636524745,507.9477531769938,16213100
2025-09-29,512.4689331054688,514.7096154882738,506.77264973451184,509.3817950243417,17617800
2025-09-30,515.8051147460938,516.0142062084105,507.54943619028296,511.11459757878936,19728200
2025-10-01,517.5578002929688,518.3544751787417,509.5709932440202,512.6680995330014,22632300
2025-10-02,513.6041870117188,519.4399047558908,508.56514411884206,515.4963429681408,21222900
2025-10-03,515.20751953125,518.3345307125708,512.8672756929882,514.9585548343116,15112300
2025-10-06,526.3811645507812,528.8309994124726,516.0541122577388,516.4623876768178,21388600
2025-10-07,521.8101196289062,527.6060256392368,519.2806599401652,526.1022689962125,14615200
2025-10-08,522.676513671875,524.7678538085896,520.923853084141,521.1130687043808,13363400
2025-10-09,520.2366943359375,522.158694647609,515.2574000210162,520.1769452354545,18343600
2025-10-10,508.84405517578125,521.4118200258811,507.5195762105422,517.4881335274953,24133800
2025-10-13,511.9212646484375,514.2714771071726,509.56108387533754,514.2714771071726,14284200
2025-10-14,511.4432067871094,513.146147202046,503.9045484424133,508.1170420708167,14684300
2025-10-15,511.3038330078125,515.0482722356254,507.88804423946306,512.8275263160849,14694700
2025-10-16,509.4913330078125,514.7096236704256,506.02576365101777,510.4573477017149,15559600
2025-10-17,511.4532165527344,513.3453119402852,505.20916197429216,506.9320087638593,19867800
2025-10-20,514.6498413085938,516.5519656323323,511.30377036778043,512.4788764440519,14665600
2025-10-21,515.5162963867188,516.5420602391357,510.91543308707116,515.3569857054445,15586200
2025-10-22,518.3843383789062,523.0549187669818,515.566101626736,518.9918584655633,18962700
2025-10-23,518.404296875,521.7802730707533,516.4623598997719,520.2964530626382,14023500
2025-10-24,521.441650390625,523.1744351060786,518.5536961256696,520.6250388201142,15532400
2025-10-27,529.3189697265625,532.3662956890146,526.819354031342,529.577902779321,18734700
2025-10-28,539.8251953125,551.4269140414981,538.5305910090683,547.722348424072,29986700
2025-10-29,539.3073120117188,544.0077970763692,534.5072653816836,542.6832878753321,36023000
2025-10-30,523.582763671875,532.7545848667123,519.9578228356851,528.2831883129468,41023100
2025-10-31,515.6656494140625,527.1279940743384,512.9668501497666,526.6898137654194,34006400
2025-11-03,514.888916015625,522.7860691817526,512.4590180581705,517.657371934483,22374700
2025-11-04,512.2001342773438,513.4150529816625,505.73698923396887,509.6407695643784,20958700
2025-11-05,505.0597839355469,512.6980347767452,504.4821687767013,511.17434154282535,23024300
2025-11-06,495.04144287109375,503.6058351018555,493.75677643867937,503.5659922381216,27406500
2025-11-07,494.7626037597656,497.31199999791255,491.2073803526309,494.89207027354036,24019800
2025-11-10,503.90460205078125,504.7510881917551,496.73440583349895,497.96929153220975,26101500
2025-11-11,506.573486328125,507.48968986721945,500.26971300797675,502.70954902224156,17980000
2025-11-12,509.0233154296875,509.5511194130969,497.05307240824305,507.2506574723947,26574900
2025-11-13,501.205810546875,511.3735209246628,499.2140928412288,508.1967287528611,25273100
2025-11-14,508.0672912597656,509.48142428367663,495.3800584752997,496.16679552350377,28505700
2025-11-17,505.388427734375,509.9992593431845,502.8191251226507,506.34447416817187,19092800
2025-11-18,491.74517822265625,500.89712400975867,484.76419755903834,493.31862192366924,33815100
2025-11-19,485.102783203125,493.13937183157236,480.8305400064438,488.070453670226,23245300
2025-11-20,477.3404846191406,492.4460215630244,474.41716428973194,491.5879641710541,26802500
2025-11-21,471.04486083984375,477.8293938228302,467.20362215472323,477.4103368698009,31769200
2025-11-24,472.92059326171875,475.8139832068258,466.9542001322548,473.9183160323131,34421000
2025-11-25,475.90374755859375,478.0588322743821,463.8313270788984,472.9904142849383,28019800
2025-11-26,484.3943786621094,487.1979770584782,480.10418316215106,485.2025316262965,25709100
2025-11-28,490.88958740234375,491.5081706450152,485.54177754838196,486.48962635446395,14386700
2025-12-01,485.6315612792969,488.7444513856018,483.5463243869077,487.32770213243884,23964000
2025-12-02,488.8841552734375,492.3761849539621,485.2125428025972,485.6116258193264,19562700
2025-12-03,476.64208984375,483.13724409881166,474.1178525596479,475.23529714339696,34615100
2025-12-04,479.7449951171875,480.2239129901724,475.40489514051177,478.6674679630734,22318200
2025-12-05,482.0597229003906,482.299166614698,477.78947078944657,481.4211657314621,22608700
2025-12-08,489.9018249511719,491.17890888246444,483.2769615726175,483.7858099301447,21965900
2025-12-09,490.8995361328125,490.99931449735556,487.3875630167038,487.9862027558801,14696100
2025-12-10,477.4701843261719,483.14722906115725,473.99809828560024,482.92772884397027,35756200
2025-12-11,482.3690185546875,484.92318635563356,474.7763326037194,475.5445986070271,24669200
2025-12-12,477.4402770996094,481.3513637649093,475.2552617920193,478.72734800157895,21248100
2025-12-15,473.73870849609375,479.6252664455081,471.44392797474177,479.0066832317436,23727700
2025-12-16,475.3051452636719,476.80172935648005,469.8076832860371,470.8353364785088,20705600
2025-12-17,475.0357360839844,478.9069051052783,473.9182915104317,475.8239455574328,24527200
2025-12-18,482.87786865234375,488.4850656489584,476.8017407441929,477.10104539067044,28573500
2025-12-19,484.8134460449219,486.73904362092316,481.39123391446003,486.2501387748106,70836100
2025-12-22,483.81573486328125,487.6170561484318,481.5908021440126,485.01298390813173,16963000
2025-12-23,485.7413330078125,486.71908182827985,483.63612214595605,483.8755963136496,14683600
2025-12-24,486.90863037109375,488.04604888584674,483.7258924615979,484.5739628623746,5855900
2025-12-26,486.599365234375,487.00843522519267,484.85335038112265,485.601642461088,8842200
2025-12-29,485.9907531738281,487.23790659993216,483.0773893732932,483.7558335295542,10893400
2025-12-30,486.3699035644531,488.56487537463653,484.39440153201394,484.82341501264875,13944500
2025-12-31,482.5186767578125,487.0284031238816,482.1993981667827,486.7290680267604,15601600
2026-01-02,471.8630065917969,483.5563186075122,469.0893385249197,483.2869444224563,25571600
2026-01-05,471.773193359375,474.9858617296903,468.4308161640092,472.98042932285466,25250300
2026-01-06,477.4203186035156,477.64977534720424,468.68025764779384,472.72102257015473,23037700
2026-01-07,482.3690185546875,488.5848422406915,476.86159994291296,478.6674756822987,25564200
2026-01-08,477.0212097167969,481.5608665012806,474.7763335277468,480.14408679814625,18162600
2026-01-09,478.1885681152344,478.72734693664125,471.1247042989064,472.9804540365218,18491000
2026-01-12,476.09332275390625,479.89464390147504,474.59673866594744,475.5845048686955,23519900
2026-01-13,469.5981750488281,474.6965236309785,464.888922501957,473.5990225282599,28545800
2026-01-14,458.3338928222656,467.13381499707015,456.1289340170423,465.39775666549855,28184300
2026-01-15,455.6200866699219,463.1927988881192,454.8618076165624,463.0630900555096,23225800
2026-01-16,458.8127746582031,462.13520850615447,455.4404972994736,456.78739866953146,34246700
2026-01-20,453.48492431640625,455.7597309230742,448.2568669541529,450.1924514863621,26130000
2026-01-21,443.0986328125,451.65911099901973,437.68100562513575,451.56931960591265,37980500
2026-01-22,450.1126403808594,451.8087507279656,443.6873036586902,446.600636936346,25349400
2026-01-23,464.888916015625,470.0271819611143,449.50401819491054,450.8409629929935,38000200
2026-01-26,469.20904541015625,473.1700058760031,460.94790240319116,464.25036221183507,29291200
2026-01-27,479.485595703125,481.7703893732875,472.0825097961169,472.62128861771004,29213900
2026-01-28,480.533203125,482.63838346935967,476.9114647448887,482.10959164059926,36875400
2026-01-29,432.5128173828125,441.49232224197124,420.06122635013605,438.98802836564175,128855300
2026-01-30,429.31011962890625,438.5989157576861,425.47886802078926,438.1699022937122,58566800
2026-02-02,422.4058837890625,429.7590957240154,421.28843915961005,429.2602343395754,42219900
2026-02-03,410.2735595703125,421.0888704228976,407.6296003977664,421.0489834358989,61424100
2026-02-04,413.2467956542969,418.84400576689177,408.3080557741746,410.0640575889883,45012400
2026-02-05,392.7735290527344,407.37018733348754,391.4265972483441,406.51216038211834,66289200
2026-02-06,400.22650146484375,400.87501513504304,392.0252195920243,398.2609865133262,53515300
2026-02-09,412.65814208984375,413.94521298339265,399.9571203178888,403.9280678877113,45480500
2026-02-10,412.328857421875,422.7151545880433,411.76017861216997,418.66440278178237,44857900
2026-02-11,403.4491271972656,415.51159110220135,400.096793508188,415.2322299614449,42491000
2026-02-12,400.9248962402344,405.2749831551046,397.1036315998776,404.07770370563327,40802400
2026-02-13,400.4060974121094,404.61648859375555,397.1435245648219,403.528974460687,34091600
2026-02-17,395.95623779296875,399.60790672873594,393.6315571718042,398.31087932693146,32078800
2026-02-18,398.69000244140625,401.6432531481791,395.41747315874426,397.2233488345012,23223400
2026-02-19,398.4599914550781,404.42999267578125,396.6700134277344,400.69000244140625,28234000
2026-02-20,397.2300109863281,400.1199951171875,395.1600036621094,396.1099853515625,34015200
2026-02-23,384.4700012207031,395.3599853515625,383.1000061035156,395.0,43238300
2026-02-24,389.0,389.3599853515625,381.7099914550781,384.1400146484375,33884700
2026-02-25,400.6000061035156,401.4700012207031,390.1600036621094,390.5299987792969,43625500
2026-02-26,401.7200012207031,407.489990234375,398.739990234375,404.7099914550781,34405900
2026-02-27,392.739990234375,396.82000732421875,389.8800048828125,390.8800048828125,51367200
2026-03-02,398.54998779296875,401.19000244140625,390.6300048828125,392.8599853515625,35474900
2026-03-03,403.92999267578125,406.70001220703125,392.6700134277344,393.1400146484375,38199200
2026-03-04,405.20001220703125,411.0299987792969,400.30999755859375,401.2699890136719,35808000
2026-03-05,410.67999267578125,411.6099853515625,404.3999938964844,404.4200134277344,39001300
2026-03-06,408.9599914550781,413.04998779296875,408.510009765625,409.20001220703125,31123900
2026-03-09,409.4100036621094,410.2099914550781,403.5,404.9200134277344,30131900
2026-03-10,405.760009765625,410.20001220703125,402.92999267578125,410.0299987792969,31706400
2026-03-11,404.8800048828125,409.010009765625,401.5899963378906,405.57000732421875,25512100
2026-03-12,401.8599853515625,406.1199951171875,401.7099914550781,404.6300048828125,27263900
2026-03-13,395.54998779296875,404.79998779296875,394.25,401.0,26848000
2026-03-16,399.95001220703125,400.6300048828125,394.7900085449219,398.07000732421875,27733700
2026-03-17,399.4100036621094,404.3999938964844,397.75,400.2699890136719,26228300
2026-03-18,391.7900085449219,398.0,391.0,397.1300048828125,25908500
2026-03-19,389.0199890136719,392.489990234375,387.05999755859375,390.1000061035156,25138800
2026-03-20,381.8699951171875,387.0,380.1199951171875,386.7900085449219,50853200
2026-03-23,383.0,387.2099914550781,381.67999267578125,383.8999938964844,29680100
2026-03-24,372.739990234375,382.4700012207031,371.8500061035156,382.3599853515625,42733600
2026-03-25,371.0400085449219,377.05999755859375,369.6300048828125,376.9200134277344,31181200
2026-03-26,365.9700012207031,374.7200012207031,365.19000244140625,370.82000732421875,36836600
2026-03-27,356.7699890136719,362.45001220703125,356.510009765625,361.8999938964844,37883400
2026-03-30,358.9599914550781,365.3599853515625,356.2799987792969,361.8999938964844,44797000
2026-03-31,370.1700134277344,372.8999938964844,363.07000732421875,364.54998779296875,45244400
2026-04-01,369.3699951171875,373.989990234375,368.20001220703125,373.489990234375,29417200
2026-04-02,373.4599914550781,373.6400146484375,364.1499938964844,367.2099914550781,24099100
2026-04-06,372.8800048828125,373.7300109863281,369.5,373.489990234375,16146600
2026-04-07,372.2900085449219,372.45001220703125,366.55999755859375,370.3399963378906,21443300
2026-04-08,374.3299865722656,385.0,371.4100036621094,384.9800109863281,33064800
2026-04-09,373.07000732421875,373.5,367.04998779296875,372.5,30435300
2026-04-10,370.8699951171875,375.6400146484375,370.0299987792969,372.9800109863281,28111100
2026-04-13,384.3699951171875,384.5400085449219,371.0199890136719,373.6099853515625,35745800
2026-04-14,393.1099853515625,394.69000244140625,386.5199890136719,387.9200134277344,37504500
2026-04-15,411.2200012207031,414.3699951171875,396.7300109863281,398.0,45063400
2026-04-16,420.260009765625,420.82000732421875,412.1400146484375,419.8599853515625,41642400
2026-04-17,422.7900085449219,431.5799865722656,420.69000244140625,424.82000732421875,48568200
2026-04-20,418.07000732421875,423.3299865722656,416.29998779296875,421.1499938964844,27582200
2026-04-21,424.1600036621094,427.17999267578125,417.20001220703125,420.239990234375,32048500
2026-04-22,432.9200134277344,433.70001220703125,423.6700134277344,426.19000244140625,29378200
2026-04-23,415.75,423.6600036621094,411.4100036621094,419.8900146484375,38308000
2026-04-24,424.6199951171875,424.95001220703125,415.79998779296875,416.9700012207031,27457400
2026-04-27,424.82000732421875,427.1099853515625,417.07000732421875,422.3800048828125,30867300
2026-04-28,429.25,429.9200134277344,421.8999938964844,424.57000732421875,30438100
2026-04-29,424.4599914550781,426.82000732421875,420.2900085449219,424.5799865722656,38288300
2026-04-30,407.7799987792969,414.4200134277344,398.010009765625,410.80999755859375,70909400
2026-05-01,414.44000244140625,417.1099853515625,410.44000244140625,412.79998779296875,31372400
2026-05-04,413.6199951171875,420.7799987792969,410.79998779296875,411.5400085449219,28066500
2026-05-05,411.3800048828125,416.7799987792969,408.79998779296875,415.32000732421875,25561500
